"orgId","type of session","number","date","notBefore","notAfter","persId","chairman","spId","nodeId","titleId","taxonomyIds","topicIds","type","text string"
"parl.DruzPolZb","seja",32,"1992-02-12","16:17:00","16:52:00","",0,"DruzPolZb.1992-02-12.s032-04.sp-243","DruzPolZb.1992-02-12.s032-04.sp-243.1",DruzPolZb.1992-02-12.s032-04.toc-item1,"","","speaker","PODPREDSEDNIK ANTON PERŠAK:"
"parl.DruzPolZb","seja",32,"1992-02-12","16:17:00","16:52:00","PersakAnton1947",1,"DruzPolZb.1992-02-12.s032-04.sp-243","DruzPolZb.1992-02-12.s032-04.sp-243.2",DruzPolZb.1992-02-12.s032-04.toc-item1,"taxonomy.4.3.3","topic.472","utterance","Nadaljujemo 32. sejo Družbenopolitičnega zbora Skupščine Republike Slovenije. V nadaljevanju 32. seje bomo obravnavali še nedokončane zadeve sprejetega dnevnega reda, in sicer predlog zakona o začasni ureditvi obračunavanja in plačevanja določenih prispevkov, gre za odločanje, predlog zakona o obrestni meri zamudnih obresti, gre tudi za odločanje, in predlog za izdajo zakona o evidencah s področja javne varnosti z osnutkom zakona, gre prav tako samo za odločanje. Opravili bomo pa tudi usklajevanje pri predlogu za izdajo zakona o odlikovanju častni znak svobode Republike Slovenije z osnutkom zakona in o predlogu za izdajo zakona o nadomestilu izpada prihodkov izvoznikov."
"parl.DruzPolZb","seja",32,"1992-02-12","16:17:00","16:52:00","PersakAnton1947",1,"DruzPolZb.1992-02-12.s032-04.sp-243","DruzPolZb.1992-02-12.s032-04.sp-243.3",DruzPolZb.1992-02-12.s032-04.toc-item2,"taxonomy.3.7.1.3","topic.298","utterance","Najprej gremo na nadaljevanje 4. TOČKE DNEVNEGA REDA - PREDLOG ZAKONA O ZAČASNI UREDITVI OBRAČUNAVANJA IN PLAČEVANJA DOLOČENIH PRISPEVKOV."
"parl.DruzPolZb","seja",32,"1992-02-12","16:17:00","16:52:00","PersakAnton1947",1,"DruzPolZb.1992-02-12.s032-04.sp-243","DruzPolZb.1992-02-12.s032-04.sp-243.4",DruzPolZb.1992-02-12.s032-04.toc-item2,"taxonomy.3.7.1.3","topic.298","utterance","Razpravo smo opravili na nadaljevanju seje dne 15.1.1992. Odbor za proračun in javne finance se je sestal pred sejo zbora in je obravnaval predlog zakona o začasni ureditvi obračunavanja in plačevanja določenih prispevkov. Ker odbor nima pripomb, sprašujem, ali želi kdo kaj poročati o tej seji?"
"parl.DruzPolZb","seja",32,"1992-02-12","16:17:00","16:52:00","",0,"DruzPolZb.1992-02-12.s032-04.sp-243","DruzPolZb.1992-02-12.s032-04.sp-243.5",DruzPolZb.1992-02-12.s032-04.toc-item2,"","","debate","Ne želi."
"parl.DruzPolZb","seja",32,"1992-02-12","16:17:00","16:52:00","PersakAnton1947",1,"DruzPolZb.1992-02-12.s032-04.sp-243","DruzPolZb.1992-02-12.s032-04.sp-243.6",DruzPolZb.1992-02-12.s032-04.toc-item2,"taxonomy.3.7.1.3","topic.298","utterance","Želi kdo še razpravljati o tej točki? Če ne želi, zaključujem razpravo. Amandmajev ni vloženih."
"parl.DruzPolZb","seja",32,"1992-02-12","16:17:00","16:52:00","PersakAnton1947",1,"DruzPolZb.1992-02-12.s032-04.sp-243","DruzPolZb.1992-02-12.s032-04.sp-243.7",DruzPolZb.1992-02-12.s032-04.toc-item2,"taxonomy.3.7.1.3","topic.298","utterance","Glasujemo o predlogu zakona o začasni ureditvi obračunavanja in plačevanja določenih prispevkov v celoti. Prosim, da najprej ugotovimo navzočnost. Vse navzoče prosim, da potrdite svojo navzočnost."
"parl.DruzPolZb","seja",32,"1992-02-12","16:17:00","16:52:00","",0,"DruzPolZb.1992-02-12.s032-04.sp-243","DruzPolZb.1992-02-12.s032-04.sp-243.8",DruzPolZb.1992-02-12.s032-04.toc-item2,"","","vote","41 navzočih poslancev."
"parl.DruzPolZb","seja",32,"1992-02-12","16:17:00","16:52:00","PersakAnton1947",1,"DruzPolZb.1992-02-12.s032-04.sp-243","DruzPolZb.1992-02-12.s032-04.sp-243.9",DruzPolZb.1992-02-12.s032-04.toc-item2,"taxonomy.3.7.1.3","topic.298","utterance","Kdor je za predlog zakona, naj, prosim, glasuje!"
"parl.DruzPolZb","seja",32,"1992-02-12","16:17:00","16:52:00","",0,"DruzPolZb.1992-02-12.s032-04.sp-243","DruzPolZb.1992-02-12.s032-04.sp-243.10",DruzPolZb.1992-02-12.s032-04.toc-item2,"","","vote","34 poslancev za."
"parl.DruzPolZb","seja",32,"1992-02-12","16:17:00","16:52:00","PersakAnton1947",1,"DruzPolZb.1992-02-12.s032-04.sp-243","DruzPolZb.1992-02-12.s032-04.sp-243.11",DruzPolZb.1992-02-12.s032-04.toc-item2,"taxonomy.3.7.1.3","topic.298","utterance","Je kdo proti?"
"parl.DruzPolZb","seja",32,"1992-02-12","16:17:00","16:52:00","",0,"DruzPolZb.1992-02-12.s032-04.sp-243","DruzPolZb.1992-02-12.s032-04.sp-243.12",DruzPolZb.1992-02-12.s032-04.toc-item2,"","","vote","4 poslanci proti."
"parl.DruzPolZb","seja",32,"1992-02-12","16:17:00","16:52:00","PersakAnton1947",1,"DruzPolZb.1992-02-12.s032-04.sp-243","DruzPolZb.1992-02-12.s032-04.sp-243.13",DruzPolZb.1992-02-12.s032-04.toc-item2,"taxonomy.3.7.1.3","topic.298","utterance","Se je kdo vzdržal?"
"parl.DruzPolZb","seja",32,"1992-02-12","16:17:00","16:52:00","",0,"DruzPolZb.1992-02-12.s032-04.sp-243","DruzPolZb.1992-02-12.s032-04.sp-243.14",DruzPolZb.1992-02-12.s032-04.toc-item2,"","","vote","Nihče."
"parl.DruzPolZb","seja",32,"1992-02-12","16:17:00","16:52:00","PersakAnton1947",1,"DruzPolZb.1992-02-12.s032-04.sp-243","DruzPolZb.1992-02-12.s032-04.sp-243.15",DruzPolZb.1992-02-12.s032-04.toc-item2,"taxonomy.3.7.1.3","topic.298","utterance","S 34 glasovi za in 4 glasovi proti je ta zakon sprejet."
"parl.DruzPolZb","seja",32,"1992-02-12","16:17:00","16:52:00","PersakAnton1947",1,"DruzPolZb.1992-02-12.s032-04.sp-243","DruzPolZb.1992-02-12.s032-04.sp-243.16",DruzPolZb.1992-02-12.s032-04.toc-item3,"taxonomy.3.6.6.2.3","topic.255","utterance","Nadaljujemo 5. TOČKO DNEVNEGA REDA - PREDLOG ZAKONA O OBRESTNI MERI ZAMUDNIH OBRESTI."
"parl.DruzPolZb","seja",32,"1992-02-12","16:17:00","16:52:00","PersakAnton1947",1,"DruzPolZb.1992-02-12.s032-04.sp-243","DruzPolZb.1992-02-12.s032-04.sp-243.17",DruzPolZb.1992-02-12.s032-04.toc-item3,"taxonomy.3.6.6.2.3","topic.255","utterance","Predlagatelj je, kot veste, Vlada. Razpravo smo opravili v nadaljevanju seje dne 22.1.1992. Na klop smo prejeli dodatno poročilo Odbora za kreditno-monetarni sistem in politiko, ki je dne 23.1.1992 obravnaval predložene amandmaje k predlogu zakona o obrestni meri zamudnih obresti. Odbor je k 2. členu oblikoval svoj amandma. Zboru predlaga v sprejem predlog sklepa. Ta predlog sklepa ste dobili. Želi o poročilu in predlogu sklepa še kdo razpravljati?"
"parl.DruzPolZb","seja",32,"1992-02-12","16:17:00","16:52:00","",0,"DruzPolZb.1992-02-12.s032-04.sp-243","DruzPolZb.1992-02-12.s032-04.sp-243.18",DruzPolZb.1992-02-12.s032-04.toc-item3,"","","debate","Ne želi."
"parl.DruzPolZb","seja",32,"1992-02-12","16:17:00","16:52:00","PersakAnton1947",1,"DruzPolZb.1992-02-12.s032-04.sp-243","DruzPolZb.1992-02-12.s032-04.sp-243.19",DruzPolZb.1992-02-12.s032-04.toc-item3,"taxonomy.3.6.6.2.3","topic.255","utterance","Danes smo prejeli na klop predlog vloženih amandmajev in opredelitve Vlade Republike Slovenije do predloženih amandmajev. Zboru predlagam, da preidemo na glasovanje."
"parl.DruzPolZb","seja",32,"1992-02-12","16:17:00","16:52:00","PersakAnton1947",1,"DruzPolZb.1992-02-12.s032-04.sp-243","DruzPolZb.1992-02-12.s032-04.sp-243.20",DruzPolZb.1992-02-12.s032-04.toc-item3,"taxonomy.3.6.6.2.3","topic.255","utterance","Najprej glasujemo o amandmaju k 1. členu, ki ga je vložil v našemu zboru gospod Kopač v imenu Odbora za proračun in javne finance. Vložil ga je gospod Kopač. Amandma pravi: Ta člen se spremni tako, da se glasi: ""Dolžnik, ki zamudi z izpolnitvijo denarne obveznosti iz obligacijskih razmerij, plača od zneska dolga od nastanka zamude do trenutka plačila zamudne obresti po obrestni meri določeni s tem zakonom. Po tem zakonu se plačajo zamudne obresti tudi v primeru zamude za izpolnitev denarnih obveznosti za davke, prispevke, carine in druge uvozne davščine."" Predlagatelj je gospod Kopač. Matični odbor ga podpira, Zakonodajno-pravna komisija se do tega ni opredeljevala."
"parl.DruzPolZb","seja",32,"1992-02-12","16:17:00","16:52:00","PersakAnton1947",1,"DruzPolZb.1992-02-12.s032-04.sp-243","DruzPolZb.1992-02-12.s032-04.sp-243.21",DruzPolZb.1992-02-12.s032-04.toc-item3,"taxonomy.3.6.6.2.3","topic.255","utterance","Prosim vse navzoče poslance, da potrdite svojo prisotnost!"
"parl.DruzPolZb","seja",32,"1992-02-12","16:17:00","16:52:00","",0,"DruzPolZb.1992-02-12.s032-04.sp-243","DruzPolZb.1992-02-12.s032-04.sp-243.22",DruzPolZb.1992-02-12.s032-04.toc-item3,"","","vote","42 navzočih poslancev."
"parl.DruzPolZb","seja",32,"1992-02-12","16:17:00","16:52:00","PersakAnton1947",1,"DruzPolZb.1992-02-12.s032-04.sp-243","DruzPolZb.1992-02-12.s032-04.sp-243.23",DruzPolZb.1992-02-12.s032-04.toc-item3,"taxonomy.3.6.6.2.3","topic.255","utterance","Kdor je za predlagani amandma, naj prosim, glasuje!"
"parl.DruzPolZb","seja",32,"1992-02-12","16:17:00","16:52:00","",0,"DruzPolZb.1992-02-12.s032-04.sp-243","DruzPolZb.1992-02-12.s032-04.sp-243.24",DruzPolZb.1992-02-12.s032-04.toc-item3,"","","vote","22 poslancev za."
"parl.DruzPolZb","seja",32,"1992-02-12","16:17:00","16:52:00","PersakAnton1947",1,"DruzPolZb.1992-02-12.s032-04.sp-243","DruzPolZb.1992-02-12.s032-04.sp-243.25",DruzPolZb.1992-02-12.s032-04.toc-item3,"taxonomy.3.6.6.2.3","topic.255","utterance","Je kdo proti?"
"parl.DruzPolZb","seja",32,"1992-02-12","16:17:00","16:52:00","",0,"DruzPolZb.1992-02-12.s032-04.sp-243","DruzPolZb.1992-02-12.s032-04.sp-243.26",DruzPolZb.1992-02-12.s032-04.toc-item3,"","","vote","1 poslanec proti."
"parl.DruzPolZb","seja",32,"1992-02-12","16:17:00","16:52:00","PersakAnton1947",1,"DruzPolZb.1992-02-12.s032-04.sp-243","DruzPolZb.1992-02-12.s032-04.sp-243.27",DruzPolZb.1992-02-12.s032-04.toc-item3,"taxonomy.3.6.6.2.3","topic.255","utterance","Se je kdo vzdržal?"
"parl.DruzPolZb","seja",32,"1992-02-12","16:17:00","16:52:00","",0,"DruzPolZb.1992-02-12.s032-04.sp-243","DruzPolZb.1992-02-12.s032-04.sp-243.28",DruzPolZb.1992-02-12.s032-04.toc-item3,"","","vote","10 poslancev vzdržanih."
"parl.DruzPolZb","seja",32,"1992-02-12","16:17:00","16:52:00","PersakAnton1947",1,"DruzPolZb.1992-02-12.s032-04.sp-243","DruzPolZb.1992-02-12.s032-04.sp-243.29",DruzPolZb.1992-02-12.s032-04.toc-item3,"taxonomy.3.6.6.2.3","topic.255","utterance","Z 22 glasovi za, 1 proti in 10 vzdržanimi je amandma sprejet"
"parl.DruzPolZb","seja",32,"1992-02-12","16:17:00","16:52:00","",0,"DruzPolZb.1992-02-12.s032-04.sp-243","DruzPolZb.1992-02-12.s032-04.sp-243.30",DruzPolZb.1992-02-12.s032-04.toc-item3,"","","quorum","glede na kvorum 42"
"parl.DruzPolZb","seja",32,"1992-02-12","16:17:00","16:52:00","PersakAnton1947",1,"DruzPolZb.1992-02-12.s032-04.sp-243","DruzPolZb.1992-02-12.s032-04.sp-243.31",DruzPolZb.1992-02-12.s032-04.toc-item3,"taxonomy.3.6.6.2.3","topic.255","utterance","."
"parl.DruzPolZb","seja",32,"1992-02-12","16:17:00","16:52:00","PersakAnton1947",1,"DruzPolZb.1992-02-12.s032-04.sp-243","DruzPolZb.1992-02-12.s032-04.sp-243.32",DruzPolZb.1992-02-12.s032-04.toc-item3,"taxonomy.3.6.6.2.3","topic.255","utterance","Zdaj nas je celo 43. Medtem je eden vstopil."
"parl.DruzPolZb","seja",32,"1992-02-12","16:17:00","16:52:00","PersakAnton1947",1,"DruzPolZb.1992-02-12.s032-04.sp-243","DruzPolZb.1992-02-12.s032-04.sp-243.33",DruzPolZb.1992-02-12.s032-04.toc-item3,"taxonomy.3.6.6.2.3","topic.255","utterance","K 2. členu so predlagani trije amandmaji v našem zboru, še več, samo k različnim odstavkom. Predlagam, da najprej glasujemo o amandmaju gospoda Toplaka, ker je najbolj oddaljen. Vi ga imate pod zaporedno številko 2 pod amandmajem k 1. odstavku, to je na strani 2 spodaj. Gre za to, da predlagatelj predlaga, da se v tem odstavku 40% nadomesti s 12% Matični odbor amandmaja ne podpira, Vlada ga tudi ne podpira."
"parl.DruzPolZb","seja",32,"1992-02-12","16:17:00","16:52:00","",0,"DruzPolZb.1992-02-12.s032-04.sp-243","DruzPolZb.1992-02-12.s032-04.sp-243.34",DruzPolZb.1992-02-12.s032-04.toc-item3,"","","quorum","Nas je 43."
"parl.DruzPolZb","seja",32,"1992-02-12","16:17:00","16:52:00","PersakAnton1947",1,"DruzPolZb.1992-02-12.s032-04.sp-243","DruzPolZb.1992-02-12.s032-04.sp-243.35",DruzPolZb.1992-02-12.s032-04.toc-item3,"taxonomy.3.6.6.2.3","topic.255","utterance","Kdor je za, naj, prosim, glasuje!"
"parl.DruzPolZb","seja",32,"1992-02-12","16:17:00","16:52:00","",0,"DruzPolZb.1992-02-12.s032-04.sp-243","DruzPolZb.1992-02-12.s032-04.sp-243.36",DruzPolZb.1992-02-12.s032-04.toc-item3,"","","vote","6 poslancev za."
"parl.DruzPolZb","seja",32,"1992-02-12","16:17:00","16:52:00","PersakAnton1947",1,"DruzPolZb.1992-02-12.s032-04.sp-243","DruzPolZb.1992-02-12.s032-04.sp-243.37",DruzPolZb.1992-02-12.s032-04.toc-item3,"taxonomy.3.6.6.2.3","topic.255","utterance","Je kdo proti?"
"parl.DruzPolZb","seja",32,"1992-02-12","16:17:00","16:52:00","",0,"DruzPolZb.1992-02-12.s032-04.sp-243","DruzPolZb.1992-02-12.s032-04.sp-243.38",DruzPolZb.1992-02-12.s032-04.toc-item3,"","","vote","6 poslancev proti."
"parl.DruzPolZb","seja",32,"1992-02-12","16:17:00","16:52:00","PersakAnton1947",1,"DruzPolZb.1992-02-12.s032-04.sp-243","DruzPolZb.1992-02-12.s032-04.sp-243.39",DruzPolZb.1992-02-12.s032-04.toc-item3,"taxonomy.3.6.6.2.3","topic.255","utterance","Se je kdo vzdržal?"
"parl.DruzPolZb","seja",32,"1992-02-12","16:17:00","16:52:00","",0,"DruzPolZb.1992-02-12.s032-04.sp-243","DruzPolZb.1992-02-12.s032-04.sp-243.40",DruzPolZb.1992-02-12.s032-04.toc-item3,"","","vote","22 poslancev vzdržanih."
"parl.DruzPolZb","seja",32,"1992-02-12","16:17:00","16:52:00","PersakAnton1947",1,"DruzPolZb.1992-02-12.s032-04.sp-243","DruzPolZb.1992-02-12.s032-04.sp-243.41",DruzPolZb.1992-02-12.s032-04.toc-item3,"taxonomy.3.6.6.2.3","topic.255","utterance","Amandma ni sprejet. 6 glasov je za, 6 proti in 22 vzdržanih."
"parl.DruzPolZb","seja",32,"1992-02-12","16:17:00","16:52:00","PersakAnton1947",1,"DruzPolZb.1992-02-12.s032-04.sp-243","DruzPolZb.1992-02-12.s032-04.sp-243.42",DruzPolZb.1992-02-12.s032-04.toc-item3,"taxonomy.3.6.6.2.3","topic.255","utterance","Zdaj bi glasovali o amandmaju pod številko 1. To je amandma, ki ga je v našem zboru vložil gospod Kopač. Amandma je gospod Kopač pravzaprav vložil v dveh variantah, in sicer pravi: Ta odstavek se nadomesti z novim, prvim in drugim odstavkom, ki se glasi: ""Obrestna mera zamudnih obresti za obligacijska razmerja se določi v višini revalorizacije in 8% letne realne obrestne mere, za davke, prispevke, carine in druge uvozne davščine pa v višini revalorizacije in - po prvi varianti 30%, po drugi varianti 20% letne realne obrestne mere. Revalorizacija iz prejšnjega odstavka je enaka stopnji rasti cen na drobno v predhodnem mesecu, po uradnih statističnih podatkih preračunani na letno raven."""
"parl.DruzPolZb","seja",32,"1992-02-12","16:17:00","16:52:00","PersakAnton1947",1,"DruzPolZb.1992-02-12.s032-04.sp-243","DruzPolZb.1992-02-12.s032-04.sp-243.43",DruzPolZb.1992-02-12.s032-04.toc-item3,"taxonomy.3.6.6.2.3","topic.255","utterance","Predlagam, da najprej glasujemo o drugi varianti razen, če gospod Kopač predlaga kaj drugega. Druga varianta je bolj oddaljena od prvotnega teksta predloga zakona."
"parl.DruzPolZb","seja",32,"1992-02-12","16:17:00","16:52:00","",0,"DruzPolZb.1992-02-12.s032-04.sp-244","DruzPolZb.1992-02-12.s032-04.sp-244.1",DruzPolZb.1992-02-12.s032-04.toc-item3,"","","speaker","JANEZ KOPAČ:"
"parl.DruzPolZb","seja",32,"1992-02-12","16:17:00","16:52:00","KopacJanez1961",0,"DruzPolZb.1992-02-12.s032-04.sp-244","DruzPolZb.1992-02-12.s032-04.sp-244.2",DruzPolZb.1992-02-12.s032-04.toc-item3,"taxonomy.3.6.6.2.3","topic.255","utterance","Hvala za besedo. Rad bi pojasnil kako in za kaj bom glasoval. Strinjam se, da najprej glasujemo o tej drugi varianti in predlagam, da je ne podprete in da podprete prvo varianto, ki je bližja tekstu, ki ga je predlagala Vlada. Gre za zamudno obrestno mero za dajatve. Pač pa predlagam tudi to, kajti Vlada"
"parl.DruzPolZb","seja",32,"1992-02-12","16:17:00","16:52:00","",0,"DruzPolZb.1992-02-12.s032-04.sp-245","DruzPolZb.1992-02-12.s032-04.sp-245.1",DruzPolZb.1992-02-12.s032-04.toc-item3,"","","speaker","Vmes podpredsednik TONE PERŠAK:"
"parl.DruzPolZb","seja",32,"1992-02-12","16:17:00","16:52:00","PersakAnton1947",1,"DruzPolZb.1992-02-12.s032-04.sp-245","DruzPolZb.1992-02-12.s032-04.sp-245.2",DruzPolZb.1992-02-12.s032-04.toc-item3,"taxonomy.3.6.6.2.3","topic.255","utterance","Gospod Kopač, lahko drugo varianto tudi umaknete in je to elegantnejšarešitev."
"parl.DruzPolZb","seja",32,"1992-02-12","16:17:00","16:52:00","KopacJanez1961",0,"DruzPolZb.1992-02-12.s032-04.sp-246","DruzPolZb.1992-02-12.s032-04.sp-246.1",DruzPolZb.1992-02-12.s032-04.toc-item3,"taxonomy.3.6.6.2.3","topic.255","utterance","Jo umikam."
"parl.DruzPolZb","seja",32,"1992-02-12","16:17:00","16:52:00","KopacJanez1961",0,"DruzPolZb.1992-02-12.s032-04.sp-246","DruzPolZb.1992-02-12.s032-04.sp-246.2",DruzPolZb.1992-02-12.s032-04.toc-item3,"taxonomy.3.6.6.2.3","topic.255","utterance","Kar se pa tiče 8% zamudne obrestne mere za obligacijska razmerja, bom glasoval za in predlagam, da tudi v, čeprav se Vlada s tem ne strinja in bom povedal, zakaj bom glasoval za. Namreč, pri obligacijskih razmerij, kjer pride do zamude pri plačilih, posamezni pogodbeni partnerji lahko s pogodbo določijo kakršnokoli zamudno obrestno mero, lahko za 100% ali pa 200%, saj je vseeno. Torej, zakonska zamudna obrestna mera velja samo za primere, ko ta s pogodbo ni določena. Takih primerov pa je največ pri tako imenovanih procesnih zamudnih obrestih, ko, npr. nekoga nekdo toži za izplačilo alimentov ali pa podre nekoga z avtomobilom potem procesi trajajo nekaj let in preden je vse to zaključeno, bi seveda lahko nekdo, ki mu je predpisana 40% zamudna obrestna mera, ne po svoji krivdi zaradi dolgega roka prodal celo hišo za to, da nekaj poplača, za kar je bil obsojen. No, to je samo en primer. Takih primerov, kjer ni pogodbeno dogovorjene zamudne obrestne mere, gre pa za obligacijska razmerja, je veliko. Mislim, da je 8% zamudna obrestna mera povsem dovolj. Tega zakona ne pišemo samo za teh nekaj mesecev, ko upam, da še traja ta nenormalna situacija z izjemno visokimi realnimi obrestnimi merami s strani bank, pač pa za neko daljše obdobje in mislim, da je za te primere za obligacijske razmere, ko ni dogovorjeno v pogodbi, 8% zamudna obrestna mera povsem zadosti. Kar pa se tiče dajatev na podlagi zakonov, pa tako kot je predvideno v drugem delu amandmaja. Hvala lepa."
"parl.DruzPolZb","seja",32,"1992-02-12","16:17:00","16:52:00","",0,"DruzPolZb.1992-02-12.s032-04.sp-247","DruzPolZb.1992-02-12.s032-04.sp-247.1",DruzPolZb.1992-02-12.s032-04.toc-item3,"","","speaker","PODPREDSEDNIK ANTON PERŠAK:"
"parl.DruzPolZb","seja",32,"1992-02-12","16:17:00","16:52:00","PersakAnton1947",1,"DruzPolZb.1992-02-12.s032-04.sp-247","DruzPolZb.1992-02-12.s032-04.sp-247.2",DruzPolZb.1992-02-12.s032-04.toc-item3,"taxonomy.3.6.6.2.3","topic.255","utterance","Hvala. Glede na umik variante, glasujemo samo o varianti 38, kot je bilo pravkar razloženo. Prosim, ugotavljamo navzočnost. Vse navzoče prosim, da potrdite svojo navzočnost."
"parl.DruzPolZb","seja",32,"1992-02-12","16:17:00","16:52:00","",0,"DruzPolZb.1992-02-12.s032-04.sp-247","DruzPolZb.1992-02-12.s032-04.sp-247.3",DruzPolZb.1992-02-12.s032-04.toc-item3,"","","vote","39 poslancev."
"parl.DruzPolZb","seja",32,"1992-02-12","16:17:00","16:52:00","PersakAnton1947",1,"DruzPolZb.1992-02-12.s032-04.sp-247","DruzPolZb.1992-02-12.s032-04.sp-247.4",DruzPolZb.1992-02-12.s032-04.toc-item3,"taxonomy.3.6.6.2.3","topic.255","utterance","Ali lahko še enkrat? Ugotavljamo navzočnost. Vse navzoče poslance prosim."
"parl.DruzPolZb","seja",32,"1992-02-12","16:17:00","16:52:00","",0,"DruzPolZb.1992-02-12.s032-04.sp-247","DruzPolZb.1992-02-12.s032-04.sp-247.5",DruzPolZb.1992-02-12.s032-04.toc-item3,"","","vote","39 poslancev."
"parl.DruzPolZb","seja",32,"1992-02-12","16:17:00","16:52:00","PersakAnton1947",1,"DruzPolZb.1992-02-12.s032-04.sp-247","DruzPolZb.1992-02-12.s032-04.sp-247.6",DruzPolZb.1992-02-12.s032-04.toc-item3,"taxonomy.3.6.6.2.3","topic.255","utterance","Lahko tisti predstavniki klubov, katerih klubi so najmanj zastopani ta trenutek, poskrbijo za malo večjo številčnost."
"parl.DruzPolZb","seja",32,"1992-02-12","16:17:00","16:52:00","",0,"DruzPolZb.1992-02-12.s032-04.sp-247","DruzPolZb.1992-02-12.s032-04.sp-247.7",DruzPolZb.1992-02-12.s032-04.toc-item3,"","","vote","41 poslancev."
"parl.DruzPolZb","seja",32,"1992-02-12","16:17:00","16:52:00","PersakAnton1947",1,"DruzPolZb.1992-02-12.s032-04.sp-247","DruzPolZb.1992-02-12.s032-04.sp-247.8",DruzPolZb.1992-02-12.s032-04.toc-item3,"taxonomy.3.6.6.2.3","topic.255","utterance","Ponovno preverjamo navzočnost. Vse navzoče poslance prosim, vse."
"parl.DruzPolZb","seja",32,"1992-02-12","16:17:00","16:52:00","",0,"DruzPolZb.1992-02-12.s032-04.sp-247","DruzPolZb.1992-02-12.s032-04.sp-247.9",DruzPolZb.1992-02-12.s032-04.toc-item3,"","","quorum","44 prisotnih poslancev."
"parl.DruzPolZb","seja",32,"1992-02-12","16:17:00","16:52:00","PersakAnton1947",1,"DruzPolZb.1992-02-12.s032-04.sp-247","DruzPolZb.1992-02-12.s032-04.sp-247.10",DruzPolZb.1992-02-12.s032-04.toc-item3,"taxonomy.3.6.6.2.3","topic.255","utterance","Kdor je za amandma gospoda Kopača, naj prosim, glasuje! Gre za tisto 8%, 30%"
"parl.DruzPolZb","seja",32,"1992-02-12","16:17:00","16:52:00","PersakAnton1947",1,"DruzPolZb.1992-02-12.s032-04.sp-247","DruzPolZb.1992-02-12.s032-04.sp-247.11",DruzPolZb.1992-02-12.s032-04.toc-item3,"taxonomy.3.6.6.2.3","topic.255","utterance","Kdor je za, naj prosim glasuje!"
"parl.DruzPolZb","seja",32,"1992-02-12","16:17:00","16:52:00","",0,"DruzPolZb.1992-02-12.s032-04.sp-247","DruzPolZb.1992-02-12.s032-04.sp-247.12",DruzPolZb.1992-02-12.s032-04.toc-item3,"","","vote","21 poslancev za."
"parl.DruzPolZb","seja",32,"1992-02-12","16:17:00","16:52:00","PersakAnton1947",1,"DruzPolZb.1992-02-12.s032-04.sp-247","DruzPolZb.1992-02-12.s032-04.sp-247.13",DruzPolZb.1992-02-12.s032-04.toc-item3,"taxonomy.3.6.6.2.3","topic.255","utterance","Je kdo proti?"
"parl.DruzPolZb","seja",32,"1992-02-12","16:17:00","16:52:00","",0,"DruzPolZb.1992-02-12.s032-04.sp-247","DruzPolZb.1992-02-12.s032-04.sp-247.14",DruzPolZb.1992-02-12.s032-04.toc-item3,"","","vote","9 poslancev proti."
"parl.DruzPolZb","seja",32,"1992-02-12","16:17:00","16:52:00","PersakAnton1947",1,"DruzPolZb.1992-02-12.s032-04.sp-247","DruzPolZb.1992-02-12.s032-04.sp-247.15",DruzPolZb.1992-02-12.s032-04.toc-item3,"taxonomy.3.6.6.2.3","topic.255","utterance","Se je kdo vzdržal?"
"parl.DruzPolZb","seja",32,"1992-02-12","16:17:00","16:52:00","",0,"DruzPolZb.1992-02-12.s032-04.sp-247","DruzPolZb.1992-02-12.s032-04.sp-247.16",DruzPolZb.1992-02-12.s032-04.toc-item3,"","","vote","12 poslancev vzdržanih."
"parl.DruzPolZb","seja",32,"1992-02-12","16:17:00","16:52:00","PersakAnton1947",1,"DruzPolZb.1992-02-12.s032-04.sp-247","DruzPolZb.1992-02-12.s032-04.sp-247.17",DruzPolZb.1992-02-12.s032-04.toc-item3,"taxonomy.3.6.6.2.3","topic.255","utterance","Z 21 glasovi za, 9 proti in 12 vzdržanimi amandma ni sprejet pri kvorumu 44."
"parl.DruzPolZb","seja",32,"1992-02-12","16:17:00","16:52:00","PersakAnton1947",1,"DruzPolZb.1992-02-12.s032-04.sp-247","DruzPolZb.1992-02-12.s032-04.sp-247.18",DruzPolZb.1992-02-12.s032-04.toc-item3,"taxonomy.3.6.6.2.3","topic.255","utterance","Zdaj glasujemo o amandmaju gospoda Zvoneta Žagarja, ki pravi: Ta odstavek se spremeni, tako da se glasi: ""Obrestna mera zamudnih obresti za davke, prispevke, carine in druge uvozne davščine je enaka stopnji rasti cene na drobno v preteklem mesecu, preračunano na letno raven in realni letni zamudni obrestni meri 20%."" Vlada ta amandma podpira, Zakonodajno-pravna komisija ga tudi podpira, matični odbor ga tudi podpira."
"parl.DruzPolZb","seja",32,"1992-02-12","16:17:00","16:52:00","PersakAnton1947",1,"DruzPolZb.1992-02-12.s032-04.sp-247","DruzPolZb.1992-02-12.s032-04.sp-247.19",DruzPolZb.1992-02-12.s032-04.toc-item3,"taxonomy.3.6.6.2.3","topic.255","utterance","Navzočnost se ni spremenila."
"parl.DruzPolZb","seja",32,"1992-02-12","16:17:00","16:52:00","PersakAnton1947",1,"DruzPolZb.1992-02-12.s032-04.sp-247","DruzPolZb.1992-02-12.s032-04.sp-247.20",DruzPolZb.1992-02-12.s032-04.toc-item3,"taxonomy.3.6.6.2.3","topic.255","utterance","Kdor je za, naj prosim, glasuje!"
"parl.DruzPolZb","seja",32,"1992-02-12","16:17:00","16:52:00","",0,"DruzPolZb.1992-02-12.s032-04.sp-247","DruzPolZb.1992-02-12.s032-04.sp-247.21",DruzPolZb.1992-02-12.s032-04.toc-item3,"","","vote","41 poslancev za."
"parl.DruzPolZb","seja",32,"1992-02-12","16:17:00","16:52:00","PersakAnton1947",1,"DruzPolZb.1992-02-12.s032-04.sp-247","DruzPolZb.1992-02-12.s032-04.sp-247.22",DruzPolZb.1992-02-12.s032-04.toc-item3,"taxonomy.3.6.6.2.3","topic.255","utterance","Je kdo proti ?"
"parl.DruzPolZb","seja",32,"1992-02-12","16:17:00","16:52:00","",0,"DruzPolZb.1992-02-12.s032-04.sp-247","DruzPolZb.1992-02-12.s032-04.sp-247.23",DruzPolZb.1992-02-12.s032-04.toc-item3,"","","vote","Nihče."
"parl.DruzPolZb","seja",32,"1992-02-12","16:17:00","16:52:00","PersakAnton1947",1,"DruzPolZb.1992-02-12.s032-04.sp-247","DruzPolZb.1992-02-12.s032-04.sp-247.24",DruzPolZb.1992-02-12.s032-04.toc-item3,"taxonomy.3.6.6.2.3","topic.255","utterance","Se je kdo vzdržal?"
"parl.DruzPolZb","seja",32,"1992-02-12","16:17:00","16:52:00","",0,"DruzPolZb.1992-02-12.s032-04.sp-247","DruzPolZb.1992-02-12.s032-04.sp-247.25",DruzPolZb.1992-02-12.s032-04.toc-item3,"","","vote","2 poslanca vzdržana."
"parl.DruzPolZb","seja",32,"1992-02-12","16:17:00","16:52:00","PersakAnton1947",1,"DruzPolZb.1992-02-12.s032-04.sp-247","DruzPolZb.1992-02-12.s032-04.sp-247.26",DruzPolZb.1992-02-12.s032-04.toc-item3,"taxonomy.3.6.6.2.3","topic.255","utterance","Z 41 za, z 2 vzdržanima glasovoma je amandma sprejet."
"parl.DruzPolZb","seja",32,"1992-02-12","16:17:00","16:52:00","PersakAnton1947",1,"DruzPolZb.1992-02-12.s032-04.sp-247","DruzPolZb.1992-02-12.s032-04.sp-247.27",DruzPolZb.1992-02-12.s032-04.toc-item3,"taxonomy.3.6.6.2.3","topic.255","utterance","K drugemu odstavku tega člena sta vložena dva amandmaja, in sicer amandma gospoda Žagarja, ki pravi: ""Obrestna mera zamudnih obresti za obligacijska razmerja je enaka stopnji rasti cen na drobno v preteklem mesecu, preračunani na letno raven in realni letni zamudni obrestni meri 20%."" Matični odbor ga ne podpira, Vlada ga podpira, Zakonodajno-pravna komisija ga sicer tudi podpira, čeprav se ne opredeljuje glede višine."
"parl.DruzPolZb","seja",32,"1992-02-12","16:17:00","16:52:00","PersakAnton1947",1,"DruzPolZb.1992-02-12.s032-04.sp-247","DruzPolZb.1992-02-12.s032-04.sp-247.28",DruzPolZb.1992-02-12.s032-04.toc-item3,"taxonomy.3.6.6.2.3","topic.255","utterance","Navzočnost je enaka."
"parl.DruzPolZb","seja",32,"1992-02-12","16:17:00","16:52:00","PersakAnton1947",1,"DruzPolZb.1992-02-12.s032-04.sp-247","DruzPolZb.1992-02-12.s032-04.sp-247.29",DruzPolZb.1992-02-12.s032-04.toc-item3,"taxonomy.3.6.6.2.3","topic.255","utterance","Kdor je za ta amandma, naj prosim, glasuje!"
"parl.DruzPolZb","seja",32,"1992-02-12","16:17:00","16:52:00","",0,"DruzPolZb.1992-02-12.s032-04.sp-247","DruzPolZb.1992-02-12.s032-04.sp-247.30",DruzPolZb.1992-02-12.s032-04.toc-item3,"","","vote","33 poslancev za."
"parl.DruzPolZb","seja",32,"1992-02-12","16:17:00","16:52:00","PersakAnton1947",1,"DruzPolZb.1992-02-12.s032-04.sp-247","DruzPolZb.1992-02-12.s032-04.sp-247.31",DruzPolZb.1992-02-12.s032-04.toc-item3,"taxonomy.3.6.6.2.3","topic.255","utterance","Kdo je proti?"
"parl.DruzPolZb","seja",32,"1992-02-12","16:17:00","16:52:00","",0,"DruzPolZb.1992-02-12.s032-04.sp-247","DruzPolZb.1992-02-12.s032-04.sp-247.32",DruzPolZb.1992-02-12.s032-04.toc-item3,"","","vote","2 poslanca proti."
"parl.DruzPolZb","seja",32,"1992-02-12","16:17:00","16:52:00","PersakAnton1947",1,"DruzPolZb.1992-02-12.s032-04.sp-247","DruzPolZb.1992-02-12.s032-04.sp-247.33",DruzPolZb.1992-02-12.s032-04.toc-item3,"taxonomy.3.6.6.2.3","topic.255","utterance","Kdo se je vzdržal?"
"parl.DruzPolZb","seja",32,"1992-02-12","16:17:00","16:52:00","",0,"DruzPolZb.1992-02-12.s032-04.sp-247","DruzPolZb.1992-02-12.s032-04.sp-247.34",DruzPolZb.1992-02-12.s032-04.toc-item3,"","","vote","5 poslancev vzdržanih."
"parl.DruzPolZb","seja",32,"1992-02-12","16:17:00","16:52:00","PersakAnton1947",1,"DruzPolZb.1992-02-12.s032-04.sp-247","DruzPolZb.1992-02-12.s032-04.sp-247.35",DruzPolZb.1992-02-12.s032-04.toc-item3,"taxonomy.3.6.6.2.3","topic.255","utterance","S 33 glasovi za, 2 proti in 5 vzdržanimi je ta amandma sprejet."
"parl.DruzPolZb","seja",32,"1992-02-12","16:17:00","16:52:00","PersakAnton1947",1,"DruzPolZb.1992-02-12.s032-04.sp-247","DruzPolZb.1992-02-12.s032-04.sp-247.36",DruzPolZb.1992-02-12.s032-04.toc-item3,"taxonomy.3.6.6.2.3","topic.255","utterance","Naslednji amandma je brezpredmeten, ker je odločitev že sprejeta."
"parl.DruzPolZb","seja",32,"1992-02-12","16:17:00","16:52:00","PersakAnton1947",1,"DruzPolZb.1992-02-12.s032-04.sp-247","DruzPolZb.1992-02-12.s032-04.sp-247.37",DruzPolZb.1992-02-12.s032-04.toc-item3,"taxonomy.3.6.6.2.3","topic.255","utterance","K tretjemu odstavku je vložen en amandma, in sicer amandma gospoda Žagarja, ki pravi, da se doda nov tretji odstavek, ki se glasi: ""Obrestna mera zamudnih obresti v nobenem primeru ne more biti manjša kot je mesečna revalorizacija."" Vlada ga ne podpira, matični odbor tudi ne, Zakonodajno-pravna komisija tudi ne. Obrazložitev je bila, da ni potrebno, ko je že iz takega razvidno."
"parl.DruzPolZb","seja",32,"1992-02-12","16:17:00","16:52:00","PersakAnton1947",1,"DruzPolZb.1992-02-12.s032-04.sp-247","DruzPolZb.1992-02-12.s032-04.sp-247.38",DruzPolZb.1992-02-12.s032-04.toc-item3,"taxonomy.3.6.6.2.3","topic.255","utterance","Kdor je za, naj prosim, glasuje!"
"parl.DruzPolZb","seja",32,"1992-02-12","16:17:00","16:52:00","",0,"DruzPolZb.1992-02-12.s032-04.sp-247","DruzPolZb.1992-02-12.s032-04.sp-247.39",DruzPolZb.1992-02-12.s032-04.toc-item3,"","","vote","14 poslancev za."
"parl.DruzPolZb","seja",32,"1992-02-12","16:17:00","16:52:00","PersakAnton1947",1,"DruzPolZb.1992-02-12.s032-04.sp-247","DruzPolZb.1992-02-12.s032-04.sp-247.40",DruzPolZb.1992-02-12.s032-04.toc-item3,"taxonomy.3.6.6.2.3","topic.255","utterance","Kdo je proti?"
"parl.DruzPolZb","seja",32,"1992-02-12","16:17:00","16:52:00","",0,"DruzPolZb.1992-02-12.s032-04.sp-247","DruzPolZb.1992-02-12.s032-04.sp-247.41",DruzPolZb.1992-02-12.s032-04.toc-item3,"","","vote","11 poslancev proti."
"parl.DruzPolZb","seja",32,"1992-02-12","16:17:00","16:52:00","PersakAnton1947",1,"DruzPolZb.1992-02-12.s032-04.sp-247","DruzPolZb.1992-02-12.s032-04.sp-247.42",DruzPolZb.1992-02-12.s032-04.toc-item3,"taxonomy.3.6.6.2.3","topic.255","utterance","Kdo se je vzdržal?"
"parl.DruzPolZb","seja",32,"1992-02-12","16:17:00","16:52:00","",0,"DruzPolZb.1992-02-12.s032-04.sp-247","DruzPolZb.1992-02-12.s032-04.sp-247.43",DruzPolZb.1992-02-12.s032-04.toc-item3,"","","vote","18 poslancev vzdržanih."
"parl.DruzPolZb","seja",32,"1992-02-12","16:17:00","16:52:00","PersakAnton1947",1,"DruzPolZb.1992-02-12.s032-04.sp-247","DruzPolZb.1992-02-12.s032-04.sp-247.44",DruzPolZb.1992-02-12.s032-04.toc-item3,"taxonomy.3.6.6.2.3","topic.255","utterance","S 14 glasovi za, 11 proti, 18 vzdržani amandma ni sprejet."
"parl.DruzPolZb","seja",32,"1992-02-12","16:17:00","16:52:00","PersakAnton1947",1,"DruzPolZb.1992-02-12.s032-04.sp-247","DruzPolZb.1992-02-12.s032-04.sp-247.45",DruzPolZb.1992-02-12.s032-04.toc-item3,"taxonomy.3.6.6.2.3","topic.255","utterance","K 3. členu sta vložena dva amandmaja, in sicer je amandma gospoda Žagarja, ki pravi: ""Ta člen se črta."" Matični odbor ne podpira amandmaja, Vlada tudi ne, Zakonodajno-pravna komisija tudi ne."
"parl.DruzPolZb","seja",32,"1992-02-12","16:17:00","16:52:00","PersakAnton1947",1,"DruzPolZb.1992-02-12.s032-04.sp-247","DruzPolZb.1992-02-12.s032-04.sp-247.46",DruzPolZb.1992-02-12.s032-04.toc-item3,"taxonomy.3.6.6.2.3","topic.255","utterance","Kdor je za amandma, naj, prosim, glasuje!"
"parl.DruzPolZb","seja",32,"1992-02-12","16:17:00","16:52:00","",0,"DruzPolZb.1992-02-12.s032-04.sp-247","DruzPolZb.1992-02-12.s032-04.sp-247.47",DruzPolZb.1992-02-12.s032-04.toc-item3,"","","vote","8 poslancev za."
"parl.DruzPolZb","seja",32,"1992-02-12","16:17:00","16:52:00","PersakAnton1947",1,"DruzPolZb.1992-02-12.s032-04.sp-247","DruzPolZb.1992-02-12.s032-04.sp-247.48",DruzPolZb.1992-02-12.s032-04.toc-item3,"taxonomy.3.6.6.2.3","topic.255","utterance","Kdo je proti?"
"parl.DruzPolZb","seja",32,"1992-02-12","16:17:00","16:52:00","",0,"DruzPolZb.1992-02-12.s032-04.sp-247","DruzPolZb.1992-02-12.s032-04.sp-247.49",DruzPolZb.1992-02-12.s032-04.toc-item3,"","","vote","13 poslancev proti."
"parl.DruzPolZb","seja",32,"1992-02-12","16:17:00","16:52:00","PersakAnton1947",1,"DruzPolZb.1992-02-12.s032-04.sp-247","DruzPolZb.1992-02-12.s032-04.sp-247.50",DruzPolZb.1992-02-12.s032-04.toc-item3,"taxonomy.3.6.6.2.3","topic.255","utterance","Kdo se je vzdržal?"
"parl.DruzPolZb","seja",32,"1992-02-12","16:17:00","16:52:00","",0,"DruzPolZb.1992-02-12.s032-04.sp-247","DruzPolZb.1992-02-12.s032-04.sp-247.51",DruzPolZb.1992-02-12.s032-04.toc-item3,"","","vote","21 poslancev vzdržanih."
"parl.DruzPolZb","seja",32,"1992-02-12","16:17:00","16:52:00","PersakAnton1947",1,"DruzPolZb.1992-02-12.s032-04.sp-247","DruzPolZb.1992-02-12.s032-04.sp-247.52",DruzPolZb.1992-02-12.s032-04.toc-item3,"taxonomy.3.6.6.2.3","topic.255","utterance","Z 8 glasovi za, 13 proti in 21 vzdržanimi amandma ni sprejet."
"parl.DruzPolZb","seja",32,"1992-02-12","16:17:00","16:52:00","PersakAnton1947",1,"DruzPolZb.1992-02-12.s032-04.sp-247","DruzPolZb.1992-02-12.s032-04.sp-247.53",DruzPolZb.1992-02-12.s032-04.toc-item3,"taxonomy.3.6.6.2.3","topic.255","utterance","Naslednji amandma je vložil v našem zboru gospod Kopač in pravi, da se črta beseda ""drugi"" in nadomesti z besedo ""poseben"". Vsi trije kompetentni organi: Vlada, matični odbor in Zakonodajno-pravna komisija podpirajo."
"parl.DruzPolZb","seja",32,"1992-02-12","16:17:00","16:52:00","PersakAnton1947",1,"DruzPolZb.1992-02-12.s032-04.sp-247","DruzPolZb.1992-02-12.s032-04.sp-247.54",DruzPolZb.1992-02-12.s032-04.toc-item3,"taxonomy.3.6.6.2.3","topic.255","utterance","Preverimo navzočnost!"
"parl.DruzPolZb","seja",32,"1992-02-12","16:17:00","16:52:00","",0,"DruzPolZb.1992-02-12.s032-04.sp-247","DruzPolZb.1992-02-12.s032-04.sp-247.55",DruzPolZb.1992-02-12.s032-04.toc-item3,"","","vote","Navzočih je 44 poslancev."
"parl.DruzPolZb","seja",32,"1992-02-12","16:17:00","16:52:00","PersakAnton1947",1,"DruzPolZb.1992-02-12.s032-04.sp-247","DruzPolZb.1992-02-12.s032-04.sp-247.56",DruzPolZb.1992-02-12.s032-04.toc-item3,"taxonomy.3.6.6.2.3","topic.255","utterance","Kdor je za amandma gospoda Kopača, naj prosim, glasuje!"
"parl.DruzPolZb","seja",32,"1992-02-12","16:17:00","16:52:00","",0,"DruzPolZb.1992-02-12.s032-04.sp-247","DruzPolZb.1992-02-12.s032-04.sp-247.57",DruzPolZb.1992-02-12.s032-04.toc-item3,"","","vote","26 poslancev za."
"parl.DruzPolZb","seja",32,"1992-02-12","16:17:00","16:52:00","PersakAnton1947",1,"DruzPolZb.1992-02-12.s032-04.sp-247","DruzPolZb.1992-02-12.s032-04.sp-247.58",DruzPolZb.1992-02-12.s032-04.toc-item3,"taxonomy.3.6.6.2.3","topic.255","utterance","Kdo je proti?"
"parl.DruzPolZb","seja",32,"1992-02-12","16:17:00","16:52:00","",0,"DruzPolZb.1992-02-12.s032-04.sp-247","DruzPolZb.1992-02-12.s032-04.sp-247.59",DruzPolZb.1992-02-12.s032-04.toc-item3,"","","vote","2 poslanca proti."
"parl.DruzPolZb","seja",32,"1992-02-12","16:17:00","16:52:00","PersakAnton1947",1,"DruzPolZb.1992-02-12.s032-04.sp-247","DruzPolZb.1992-02-12.s032-04.sp-247.60",DruzPolZb.1992-02-12.s032-04.toc-item3,"taxonomy.3.6.6.2.3","topic.255","utterance","Kdo se je vzdržal?"
"parl.DruzPolZb","seja",32,"1992-02-12","16:17:00","16:52:00","",0,"DruzPolZb.1992-02-12.s032-04.sp-247","DruzPolZb.1992-02-12.s032-04.sp-247.61",DruzPolZb.1992-02-12.s032-04.toc-item3,"","","vote","9 poslancev vzdržanih."
"parl.DruzPolZb","seja",32,"1992-02-12","16:17:00","16:52:00","PersakAnton1947",1,"DruzPolZb.1992-02-12.s032-04.sp-247","DruzPolZb.1992-02-12.s032-04.sp-247.62",DruzPolZb.1992-02-12.s032-04.toc-item3,"taxonomy.3.6.6.2.3","topic.255","utterance","Z 26 glasovi za, 2 proti in 9 vzdržanimi je amandma sprejet."
"parl.DruzPolZb","seja",32,"1992-02-12","16:17:00","16:52:00","PersakAnton1947",1,"DruzPolZb.1992-02-12.s032-04.sp-247","DruzPolZb.1992-02-12.s032-04.sp-247.63",DruzPolZb.1992-02-12.s032-04.toc-item3,"taxonomy.3.6.6.2.3","topic.255","utterance","K 4. členu je vloženih več amandmajev. Prvi amandma je v našem zboru vložil gospod France Tomšič. Pravi, da se za 3. členom doda nov 4. člen, ki se glasi: ""Ta zakon se ne uporablja tudi za dolžniško-upniška razmerja, ki so nastala iz naslova prisilne poravnave, ki so bile pred navedbo tega zakona sklenjene po zakonu o prisilni poravnavi, stečaju in likvidaciji (Uradni list SFRJ št. 84/89). Za ta dolžniško-upniška razmerja se uporabljajo obrestne mere v višini eskontne stopnje Banke Slovenije, povečane za 20%, 4., 5., 6 člen postanejo 5., 6., 7. in 8. člen."" Matični odbor ne podpira, Vlada ne podpira, Zakonodajno-pravna komisija ne podpira."
"parl.DruzPolZb","seja",32,"1992-02-12","16:17:00","16:52:00","PersakAnton1947",1,"DruzPolZb.1992-02-12.s032-04.sp-247","DruzPolZb.1992-02-12.s032-04.sp-247.64",DruzPolZb.1992-02-12.s032-04.toc-item3,"taxonomy.3.6.6.2.3","topic.255","utterance","Kdor je za, naj, prosim glasuje!"
"parl.DruzPolZb","seja",32,"1992-02-12","16:17:00","16:52:00","",0,"DruzPolZb.1992-02-12.s032-04.sp-247","DruzPolZb.1992-02-12.s032-04.sp-247.65",DruzPolZb.1992-02-12.s032-04.toc-item3,"","","vote","8 poslancev za."
"parl.DruzPolZb","seja",32,"1992-02-12","16:17:00","16:52:00","PersakAnton1947",1,"DruzPolZb.1992-02-12.s032-04.sp-247","DruzPolZb.1992-02-12.s032-04.sp-247.66",DruzPolZb.1992-02-12.s032-04.toc-item3,"taxonomy.3.6.6.2.3","topic.255","utterance","Kdo je proti?"
"parl.DruzPolZb","seja",32,"1992-02-12","16:17:00","16:52:00","",0,"DruzPolZb.1992-02-12.s032-04.sp-247","DruzPolZb.1992-02-12.s032-04.sp-247.67",DruzPolZb.1992-02-12.s032-04.toc-item3,"","","vote","9 poslancev proti."
"parl.DruzPolZb","seja",32,"1992-02-12","16:17:00","16:52:00","PersakAnton1947",1,"DruzPolZb.1992-02-12.s032-04.sp-247","DruzPolZb.1992-02-12.s032-04.sp-247.68",DruzPolZb.1992-02-12.s032-04.toc-item3,"taxonomy.3.6.6.2.3","topic.255","utterance","Kdo se je vzdržal?"
"parl.DruzPolZb","seja",32,"1992-02-12","16:17:00","16:52:00","",0,"DruzPolZb.1992-02-12.s032-04.sp-247","DruzPolZb.1992-02-12.s032-04.sp-247.69",DruzPolZb.1992-02-12.s032-04.toc-item3,"","","vote","20 poslancev vzdržanih."
"parl.DruzPolZb","seja",32,"1992-02-12","16:17:00","16:52:00","PersakAnton1947",1,"DruzPolZb.1992-02-12.s032-04.sp-247","DruzPolZb.1992-02-12.s032-04.sp-247.70",DruzPolZb.1992-02-12.s032-04.toc-item3,"taxonomy.3.6.6.2.3","topic.255","utterance","Z 8 glasovi za, 9 proti in 20 vzdržanimi amandma ni izglasovan."
"parl.DruzPolZb","seja",32,"1992-02-12","16:17:00","16:52:00","PersakAnton1947",1,"DruzPolZb.1992-02-12.s032-04.sp-247","DruzPolZb.1992-02-12.s032-04.sp-247.71",DruzPolZb.1992-02-12.s032-04.toc-item3,"taxonomy.3.6.6.2.3","topic.255","utterance","Naslednji amandma je vložil v našem zboru gospod Kopač in pravi, da se ta člen spremeni, tako da se glasi: ""Minister za finance izda predpis o načinu izračunavanja zamudnih obresti."" Matični odbor ne podpira, Vlada ne podpira, Zakonodajno-pravna komisija na podpira."
"parl.DruzPolZb","seja",32,"1992-02-12","16:17:00","16:52:00","PersakAnton1947",1,"DruzPolZb.1992-02-12.s032-04.sp-247","DruzPolZb.1992-02-12.s032-04.sp-247.72",DruzPolZb.1992-02-12.s032-04.toc-item3,"taxonomy.3.6.6.2.3","topic.255","utterance","Kdo je za ta amandma?"
"parl.DruzPolZb","seja",32,"1992-02-12","16:17:00","16:52:00","",0,"DruzPolZb.1992-02-12.s032-04.sp-247","DruzPolZb.1992-02-12.s032-04.sp-247.73",DruzPolZb.1992-02-12.s032-04.toc-item3,"","","vote","17 poslancev za."
"parl.DruzPolZb","seja",32,"1992-02-12","16:17:00","16:52:00","PersakAnton1947",1,"DruzPolZb.1992-02-12.s032-04.sp-247","DruzPolZb.1992-02-12.s032-04.sp-247.74",DruzPolZb.1992-02-12.s032-04.toc-item3,"taxonomy.3.6.6.2.3","topic.255","utterance","Kdo je proti?"
"parl.DruzPolZb","seja",32,"1992-02-12","16:17:00","16:52:00","",0,"DruzPolZb.1992-02-12.s032-04.sp-247","DruzPolZb.1992-02-12.s032-04.sp-247.75",DruzPolZb.1992-02-12.s032-04.toc-item3,"","","vote","9 poslancev proti."
"parl.DruzPolZb","seja",32,"1992-02-12","16:17:00","16:52:00","PersakAnton1947",1,"DruzPolZb.1992-02-12.s032-04.sp-247","DruzPolZb.1992-02-12.s032-04.sp-247.76",DruzPolZb.1992-02-12.s032-04.toc-item3,"taxonomy.3.6.6.2.3","topic.255","utterance","Kdo se je vzdržal?"
"parl.DruzPolZb","seja",32,"1992-02-12","16:17:00","16:52:00","",0,"DruzPolZb.1992-02-12.s032-04.sp-247","DruzPolZb.1992-02-12.s032-04.sp-247.77",DruzPolZb.1992-02-12.s032-04.toc-item3,"","","vote","15 poslancev vzdržanih."
"parl.DruzPolZb","seja",32,"1992-02-12","16:17:00","16:52:00","PersakAnton1947",1,"DruzPolZb.1992-02-12.s032-04.sp-247","DruzPolZb.1992-02-12.s032-04.sp-247.78",DruzPolZb.1992-02-12.s032-04.toc-item3,"taxonomy.3.6.6.2.3","topic.255","utterance","S 17 glasovi za, 9 proti in 15 vzdržanimi amandma ni sprejet."
"parl.DruzPolZb","seja",32,"1992-02-12","16:17:00","16:52:00","PersakAnton1947",1,"DruzPolZb.1992-02-12.s032-04.sp-247","DruzPolZb.1992-02-12.s032-04.sp-247.79",DruzPolZb.1992-02-12.s032-04.toc-item3,"taxonomy.3.6.6.2.3","topic.255","utterance","Naslednji amandma je v našem zboru vložil gospod Žagar in pravi: doda se nov 4a. člen, ki se glasi: ""Zamudne obresti se lahko obračunavajo šele po prejemu tozadevnega plačila. Obračun mora biti specificiran in vročen rok za plačilo zamudnih obresti ne mora biti krajši kot 8 dni po sprejemu obračuna."" Matični odbor, Vlada in Zakonodajno-pravna komisija ne podpirajo amandmaja, gospod Žagar bo pa obrazložil svoj glas."
"parl.DruzPolZb","seja",32,"1992-02-12","16:17:00","16:52:00","",0,"DruzPolZb.1992-02-12.s032-04.sp-248","DruzPolZb.1992-02-12.s032-04.sp-248.1",DruzPolZb.1992-02-12.s032-04.toc-item3,"","","speaker","ZVONE ŽAGAR:"
"parl.DruzPolZb","seja",32,"1992-02-12","16:17:00","16:52:00","ZagarZvone",0,"DruzPolZb.1992-02-12.s032-04.sp-248","DruzPolZb.1992-02-12.s032-04.sp-248.2",DruzPolZb.1992-02-12.s032-04.toc-item3,"taxonomy.3.6.6.2.3","topic.255","utterance","Glasoval bom za ta amandma, ker je to eden od starih, nerešenih problemov na davčnih upravah. Namreč, te uprave še vedno ne obveščajo zavezancev niti o višini obremenitve, niti o višini obrestne mere, niti zaradi katere zamude je bila obračunana kazen zamudne obresti. Ta amandma ne zahteva nič drugega, da organ izda nek obračun obresti."
"parl.DruzPolZb","seja",32,"1992-02-12","16:17:00","16:52:00","ZagarZvone",0,"DruzPolZb.1992-02-12.s032-04.sp-248","DruzPolZb.1992-02-12.s032-04.sp-248.3",DruzPolZb.1992-02-12.s032-04.toc-item3,"taxonomy.3.6.6.2.3","topic.255","utterance","Ker sem že pri besedi, dovolite še obrazložitev glasu za naslednji člen, da ne bom dvakrat. (Za naslednji amandma k 4b. členu.) Smisel tega amandmaja je, da bi revalorizacija v smislu priznavanja stroškov ne šla za zamudne obresti. Vemo, da imamo v državi trenutno uveljavljen sistem, in pri kreditnih in pri zamudnih obresti, depozitih itd., da revaloriziramo glavnico na osnovi mesečne rasti cen t.i. revalorizaciji oziroma velikemu R. Ta veliki R je pa v bistvu realna obrestna mera 0. Samo zagotavlja neko približno povračilo za inflacijo. To je glavni argument, s katerim zagovarjam amandma, da te revalorizacije ne bi obravnavali kot kazen, ampak da bi jo priznavali v stroške. Hvala."
"parl.DruzPolZb","seja",32,"1992-02-12","16:17:00","16:52:00","",0,"DruzPolZb.1992-02-12.s032-04.sp-249","DruzPolZb.1992-02-12.s032-04.sp-249.1",DruzPolZb.1992-02-12.s032-04.toc-item3,"","","speaker","PODPREDSEDNIK ANTON PERŠAK:"
"parl.DruzPolZb","seja",32,"1992-02-12","16:17:00","16:52:00","PersakAnton1947",1,"DruzPolZb.1992-02-12.s032-04.sp-249","DruzPolZb.1992-02-12.s032-04.sp-249.2",DruzPolZb.1992-02-12.s032-04.toc-item3,"taxonomy.3.6.6.2.3","topic.255","utterance","Prosim, da preverimo prisotnost!"
"parl.DruzPolZb","seja",32,"1992-02-12","16:17:00","16:52:00","",0,"DruzPolZb.1992-02-12.s032-04.sp-249","DruzPolZb.1992-02-12.s032-04.sp-249.3",DruzPolZb.1992-02-12.s032-04.toc-item3,"","","vote","38 poslancev."
"parl.DruzPolZb","seja",32,"1992-02-12","16:17:00","16:52:00","PersakAnton1947",1,"DruzPolZb.1992-02-12.s032-04.sp-249","DruzPolZb.1992-02-12.s032-04.sp-249.4",DruzPolZb.1992-02-12.s032-04.toc-item3,"taxonomy.3.6.6.2.3","topic.255","utterance","Bomo še enkrat preverili potem, ko bo predstavnik Vlade povedal svoje stališče v zvezi s tem dvema amandmajema. Gospod Kolman, Ministrstvo za finance."
"parl.DruzPolZb","seja",32,"1992-02-12","16:17:00","16:52:00","",0,"DruzPolZb.1992-02-12.s032-04.sp-250","DruzPolZb.1992-02-12.s032-04.sp-250.1",DruzPolZb.1992-02-12.s032-04.toc-item3,"","","speaker","DRAGO KOLMAN:"
"parl.DruzPolZb","seja",32,"1992-02-12","16:17:00","16:52:00","KolmanDrago",0,"DruzPolZb.1992-02-12.s032-04.sp-250","DruzPolZb.1992-02-12.s032-04.sp-250.2",DruzPolZb.1992-02-12.s032-04.toc-item3,"taxonomy.3.6.6.2.3","topic.255","utterance","Glede predlaganih amandmajev k 4a. in 4b. členu je treba opozoriti, da Vlada zavrača te amandmaje, podobno tudi Zakonodajno-pravna komisija in matični odbor, ker vsebinsko v ta zakon ne sodita. Ta zakon določa višino zamudne obrestne mere, ne ukvarja se s tem, ali do kje problemi z obračunavanjem, zaračunavanjem in izterjavami zamudnih obresti, kajti postopek je opredeljen v ustreznih drugih zakonih. Glede na to, da je bilo pri 4a. členu, se pravi amandmaju, ki uvaja 4./a člen, da je problem pri izstavljanju obračunov v občinskih davčnih upravah, smo seveda mi to malo preverili. Preko tega problema je pravzaprav v neki slovenski občini katere davčna uprava tri leta ni zaračunavala zamudnih obresti, ko je bila prekontrolirana s strani Republiške davčne uprave, je bilo pa naloženo, da je treba za tri leta nazaj obračunavati obresti in jih tudi plačati. Mislim, da tega problema nikakor ne gre posploševati in kot nas je obvestil direktor Republiške davčne uprave, se občinske davčne uprave pač ravnajo tako, postopajo tako, da izstavljajo obračune, tako dolga kot tudi zamudnih obresti."
"parl.DruzPolZb","seja",32,"1992-02-12","16:17:00","16:52:00","KolmanDrago",0,"DruzPolZb.1992-02-12.s032-04.sp-250","DruzPolZb.1992-02-12.s032-04.sp-250.3",DruzPolZb.1992-02-12.s032-04.toc-item3,"taxonomy.3.6.6.2.3","topic.255","utterance","Povsem normalno je, da tu ne toleriramo še nekega zamika plačila teh obresti, ker bi s tem tolerirali zamudo kot tako."
"parl.DruzPolZb","seja",32,"1992-02-12","16:17:00","16:52:00","KolmanDrago",0,"DruzPolZb.1992-02-12.s032-04.sp-250","DruzPolZb.1992-02-12.s032-04.sp-250.4",DruzPolZb.1992-02-12.s032-04.toc-item3,"taxonomy.3.6.6.2.3","topic.255","utterance","Glede predloga amandmaja za novi 4b. člen je treba povedati seveda naslednje: Po veljavnem obračunskem sistemu seveda negativne obresti, tisti, ki jih dolžnik plačuje, obresti kot take izločajo iz stroškov in predstavljajo neko negativno postavko v revalorizacijski podbilanci. V tem smislu se kot take izločajo tako pri družbeno pravnih osebah in kot pri fizičnih osebah, obrtnikih, ki ugotavljajo svoj poslovni rezultat po predpisih o računovodstvu. To določa zakon o dohodnini v tistem delu, ki ureja davek iz opravljanja dejavnosti. V kolikor seveda je bil namen tega, da se revalorizacija, čeprav ta zakon o zamudni obresti nič ne govori o revalorizaciji, za to tudi ta amandma ne more vpeljati neko kategorijo v kateri zakon kot tak ne govori, v kolikor se želi doseči, da ta revalorizacija postane strošek, je treba povedati tudi to, da po obračunskem zakonu to ni strošek. Ker bodo morali potem tisti, ki obračunavajo in ugotavljajo dobiček, to pa so fizične osebe, seveda postopati na na način, kot je to določeno za družbene pravne osebe. Skratka, ta amandma prvič po sami vsebini ne sodi v zakon, po drugi strani pa kot izločilna kategorija pri obračunu davka na dobiček ne bo prišla v poštev. Hvala lepa."
"parl.DruzPolZb","seja",32,"1992-02-12","16:17:00","16:52:00","",0,"DruzPolZb.1992-02-12.s032-04.sp-251","DruzPolZb.1992-02-12.s032-04.sp-251.1",DruzPolZb.1992-02-12.s032-04.toc-item3,"","","speaker","PODPREDSEDNIK ANTON PERŠAK:"
"parl.DruzPolZb","seja",32,"1992-02-12","16:17:00","16:52:00","PersakAnton1947",1,"DruzPolZb.1992-02-12.s032-04.sp-251","DruzPolZb.1992-02-12.s032-04.sp-251.2",DruzPolZb.1992-02-12.s032-04.toc-item3,"taxonomy.3.6.6.2.3","topic.255","utterance","Gospod Žagar želi replicirati. Prosim, če boste čim krajši, ker bi radi do petih rešili problem okrog pokojninskega zakona."
"parl.DruzPolZb","seja",32,"1992-02-12","16:17:00","16:52:00","",0,"DruzPolZb.1992-02-12.s032-04.sp-252","DruzPolZb.1992-02-12.s032-04.sp-252.1",DruzPolZb.1992-02-12.s032-04.toc-item3,"","","speaker","ZVONE ŽAGAR:"
"parl.DruzPolZb","seja",32,"1992-02-12","16:17:00","16:52:00","ZagarZvone",0,"DruzPolZb.1992-02-12.s032-04.sp-252","DruzPolZb.1992-02-12.s032-04.sp-252.2",DruzPolZb.1992-02-12.s032-04.toc-item3,"taxonomy.3.6.6.2.3","topic.255","utterance","Hvala lepa, jaz sem kratek. Moram pa replicirati g. Kolmanu. Tako kot on lahko trdi, da to ne sodi v zakon, jaz trdim, da sodi."
"parl.DruzPolZb","seja",32,"1992-02-12","16:17:00","16:52:00","ZagarZvone",0,"DruzPolZb.1992-02-12.s032-04.sp-252","DruzPolZb.1992-02-12.s032-04.sp-252.3",DruzPolZb.1992-02-12.s032-04.toc-item3,"taxonomy.3.6.6.2.3","topic.255","utterance","Pri 1a. členu gre za obračun, ki naj bi ga državni organi dali zavezancu, to je že zato primerno, da se zavezanec sploh lahko pritoži, če se eventualno ta organ zmoti. To je samo eden od razlogov, ki naj bi podprl ta amandma."
"parl.DruzPolZb","seja",32,"1992-02-12","16:17:00","16:52:00","ZagarZvone",0,"DruzPolZb.1992-02-12.s032-04.sp-252","DruzPolZb.1992-02-12.s032-04.sp-252.4",DruzPolZb.1992-02-12.s032-04.toc-item3,"taxonomy.3.6.6.2.3","topic.255","utterance","Glede drugega 4b. člena, revalorizacija, ali se to priznava kot strošek ali ne. Zakon o dobičku pravnih oseb v tistem delu, ko govori o obdavčevanju pravnih oseb z denarnimi posli, z investiranjem kapitala itd., da revalorizacijo ne upoštevajo kot osnovo za odmero davka. Pomeni, da ji je priznan status realne obrestne mere 0 in je v tem smislu enako možno tudi uporabiti revalorizacijo. Ker, če bi bila ta logika, kakor jo g. Kolman zagovarja, pravilna, potem, bi morali, tisti, ki se ukvarjajo s kapitalskimi naložbami, plačati davek od celotne osnove. Pomeni od revalorizacije, povečane še za realne obresti, ki jih je dobil od kapitala. To pa, na žalost, ni res. To so argumenti, ki jih navajam tudi jaz, da se ta 4b. člen sprejme kot amandma. Hvala."
"parl.DruzPolZb","seja",32,"1992-02-12","16:17:00","16:52:00","",0,"DruzPolZb.1992-02-12.s032-04.sp-253","DruzPolZb.1992-02-12.s032-04.sp-253.1",DruzPolZb.1992-02-12.s032-04.toc-item3,"","","speaker","PODPREDSEDNIK ANTON PERŠAK:"
"parl.DruzPolZb","seja",32,"1992-02-12","16:17:00","16:52:00","PersakAnton1947",1,"DruzPolZb.1992-02-12.s032-04.sp-253","DruzPolZb.1992-02-12.s032-04.sp-253.2",DruzPolZb.1992-02-12.s032-04.toc-item3,"taxonomy.3.6.6.2.3","topic.255","utterance","Hvala lepa. Prehajamo na glasovanje, prosim vse navzoče poslance, da potrdite navzočnost. Smo,"
"parl.DruzPolZb","seja",32,"1992-02-12","16:17:00","16:52:00","",0,"DruzPolZb.1992-02-12.s032-04.sp-253","DruzPolZb.1992-02-12.s032-04.sp-253.3",DruzPolZb.1992-02-12.s032-04.toc-item3,"","","quorum","45"
"parl.DruzPolZb","seja",32,"1992-02-12","16:17:00","16:52:00","PersakAnton1947",1,"DruzPolZb.1992-02-12.s032-04.sp-253","DruzPolZb.1992-02-12.s032-04.sp-253.4",DruzPolZb.1992-02-12.s032-04.toc-item3,"taxonomy.3.6.6.2.3","topic.255","utterance",", sedaj glasujemo o tem amandmaju za uvedbo novega 4./a člena, slišali smo obe stališči."
"parl.DruzPolZb","seja",32,"1992-02-12","16:17:00","16:52:00","PersakAnton1947",1,"DruzPolZb.1992-02-12.s032-04.sp-253","DruzPolZb.1992-02-12.s032-04.sp-253.5",DruzPolZb.1992-02-12.s032-04.toc-item3,"taxonomy.3.6.6.2.3","topic.255","utterance","Kdo je za?"
"parl.DruzPolZb","seja",32,"1992-02-12","16:17:00","16:52:00","",0,"DruzPolZb.1992-02-12.s032-04.sp-253","DruzPolZb.1992-02-12.s032-04.sp-253.6",DruzPolZb.1992-02-12.s032-04.toc-item3,"","","vote","13 poslancev za."
"parl.DruzPolZb","seja",32,"1992-02-12","16:17:00","16:52:00","PersakAnton1947",1,"DruzPolZb.1992-02-12.s032-04.sp-253","DruzPolZb.1992-02-12.s032-04.sp-253.7",DruzPolZb.1992-02-12.s032-04.toc-item3,"taxonomy.3.6.6.2.3","topic.255","utterance","Kdo je proti?"
"parl.DruzPolZb","seja",32,"1992-02-12","16:17:00","16:52:00","",0,"DruzPolZb.1992-02-12.s032-04.sp-253","DruzPolZb.1992-02-12.s032-04.sp-253.8",DruzPolZb.1992-02-12.s032-04.toc-item3,"","","vote","8 poslancev proti."
"parl.DruzPolZb","seja",32,"1992-02-12","16:17:00","16:52:00","PersakAnton1947",1,"DruzPolZb.1992-02-12.s032-04.sp-253","DruzPolZb.1992-02-12.s032-04.sp-253.9",DruzPolZb.1992-02-12.s032-04.toc-item3,"taxonomy.3.6.6.2.3","topic.255","utterance","Kdo se je vzdržal?"
"parl.DruzPolZb","seja",32,"1992-02-12","16:17:00","16:52:00","",0,"DruzPolZb.1992-02-12.s032-04.sp-253","DruzPolZb.1992-02-12.s032-04.sp-253.10",DruzPolZb.1992-02-12.s032-04.toc-item3,"","","vote","18 poslancev vzdržanih."
"parl.DruzPolZb","seja",32,"1992-02-12","16:17:00","16:52:00","PersakAnton1947",1,"DruzPolZb.1992-02-12.s032-04.sp-253","DruzPolZb.1992-02-12.s032-04.sp-253.11",DruzPolZb.1992-02-12.s032-04.toc-item3,"taxonomy.3.6.6.2.3","topic.255","utterance","S 13 za, 8 proti in 18 vzdržanimi amandma ni sprejet."
"parl.DruzPolZb","seja",32,"1992-02-12","16:17:00","16:52:00","PersakAnton1947",1,"DruzPolZb.1992-02-12.s032-04.sp-253","DruzPolZb.1992-02-12.s032-04.sp-253.12",DruzPolZb.1992-02-12.s032-04.toc-item3,"taxonomy.3.6.6.2.3","topic.255","utterance","Sedaj glasujem za nov 4b. člen, ki se glasi: ""Revalorizacija v tem smislu priznavanja stroškov, se ne šteje za zamudne obresti."" Matični odbor, Vlada in Zakonodajno-pravna komisija ne podpirajo, slišali smo tudi obe razlagi, predlagam da glasujemo."
"parl.DruzPolZb","seja",32,"1992-02-12","16:17:00","16:52:00","PersakAnton1947",1,"DruzPolZb.1992-02-12.s032-04.sp-253","DruzPolZb.1992-02-12.s032-04.sp-253.13",DruzPolZb.1992-02-12.s032-04.toc-item3,"taxonomy.3.6.6.2.3","topic.255","utterance","Kdor je za, naj prosim, glasuje!"
"parl.DruzPolZb","seja",32,"1992-02-12","16:17:00","16:52:00","",0,"DruzPolZb.1992-02-12.s032-04.sp-253","DruzPolZb.1992-02-12.s032-04.sp-253.14",DruzPolZb.1992-02-12.s032-04.toc-item3,"","","vote","10 poslancev za."
"parl.DruzPolZb","seja",32,"1992-02-12","16:17:00","16:52:00","PersakAnton1947",1,"DruzPolZb.1992-02-12.s032-04.sp-253","DruzPolZb.1992-02-12.s032-04.sp-253.15",DruzPolZb.1992-02-12.s032-04.toc-item3,"taxonomy.3.6.6.2.3","topic.255","utterance","Kdo je proti, naj prosim, glasuje?"
"parl.DruzPolZb","seja",32,"1992-02-12","16:17:00","16:52:00","",0,"DruzPolZb.1992-02-12.s032-04.sp-253","DruzPolZb.1992-02-12.s032-04.sp-253.16",DruzPolZb.1992-02-12.s032-04.toc-item3,"","","vote","13 poslancev proti."
"parl.DruzPolZb","seja",32,"1992-02-12","16:17:00","16:52:00","PersakAnton1947",1,"DruzPolZb.1992-02-12.s032-04.sp-253","DruzPolZb.1992-02-12.s032-04.sp-253.17",DruzPolZb.1992-02-12.s032-04.toc-item3,"taxonomy.3.6.6.2.3","topic.255","utterance","Kdor se je vzdržal, naj glasuje!"
"parl.DruzPolZb","seja",32,"1992-02-12","16:17:00","16:52:00","",0,"DruzPolZb.1992-02-12.s032-04.sp-253","DruzPolZb.1992-02-12.s032-04.sp-253.18",DruzPolZb.1992-02-12.s032-04.toc-item3,"","","vote","15 poslancev."
"parl.DruzPolZb","seja",32,"1992-02-12","16:17:00","16:52:00","PersakAnton1947",1,"DruzPolZb.1992-02-12.s032-04.sp-253","DruzPolZb.1992-02-12.s032-04.sp-253.19",DruzPolZb.1992-02-12.s032-04.toc-item3,"taxonomy.3.6.6.2.3","topic.255","utterance","Z 10 za, 13 proti, 15 vzdržanimi amandma ni sprejet."
"parl.DruzPolZb","seja",32,"1992-02-12","16:17:00","16:52:00","PersakAnton1947",1,"DruzPolZb.1992-02-12.s032-04.sp-253","DruzPolZb.1992-02-12.s032-04.sp-253.20",DruzPolZb.1992-02-12.s032-04.toc-item3,"taxonomy.3.6.6.2.3","topic.255","utterance","Naposled glasujemo še amandma k 6. členu. V prvi vrstici tega člena se črta za besedo ""zakon"" besedica ""se"", za besedo ""preneha"" se črta beseda ""uporabljati"" in namesti z besedo ""veljati"" in se doda nov odstavek, ki se glasi: gre za navajanje določb in posameznih členov več zakonov, kot imate napisano sedaj na 5. strani, predlagatelj je g. Kopač."
"parl.DruzPolZb","seja",32,"1992-02-12","16:17:00","16:52:00","PersakAnton1947",1,"DruzPolZb.1992-02-12.s032-04.sp-253","DruzPolZb.1992-02-12.s032-04.sp-253.21",DruzPolZb.1992-02-12.s032-04.toc-item3,"taxonomy.3.6.6.2.3","topic.255","utterance","Vsi trije kompetentni organi, matični odbor, Vlada in Zakonodajno-pravna komisija podpirajo."
"parl.DruzPolZb","seja",32,"1992-02-12","16:17:00","16:52:00","PersakAnton1947",1,"DruzPolZb.1992-02-12.s032-04.sp-253","DruzPolZb.1992-02-12.s032-04.sp-253.22",DruzPolZb.1992-02-12.s032-04.toc-item3,"taxonomy.3.6.6.2.3","topic.255","utterance","Kdor je za, naj glasuje!"
"parl.DruzPolZb","seja",32,"1992-02-12","16:17:00","16:52:00","PersakAnton1947",1,"DruzPolZb.1992-02-12.s032-04.sp-253","DruzPolZb.1992-02-12.s032-04.sp-253.23",DruzPolZb.1992-02-12.s032-04.toc-item3,"taxonomy.3.6.6.2.3","topic.255","utterance","Gospod Kopač želi obrazložiti svoj glas, saj smo vsi za, g. Kopač."
"parl.DruzPolZb","seja",32,"1992-02-12","16:17:00","16:52:00","",0,"DruzPolZb.1992-02-12.s032-04.sp-254","DruzPolZb.1992-02-12.s032-04.sp-254.1",DruzPolZb.1992-02-12.s032-04.toc-item3,"","","speaker","JANEZ KOPAČ:"
"parl.DruzPolZb","seja",32,"1992-02-12","16:17:00","16:52:00","KopacJanez1961",0,"DruzPolZb.1992-02-12.s032-04.sp-254","DruzPolZb.1992-02-12.s032-04.sp-254.2",DruzPolZb.1992-02-12.s032-04.toc-item3,"taxonomy.3.6.6.2.3","topic.255","utterance","Se opravičujem, gre pravzaprav samo za redakcijski popravek. To se je že toliko časa vleklo v skupščini, da sedaj en zakon že ne obstaja več. Predlagam samo to, da ne bi bilo potem kakšnih težav, da se pooblasti Zakonodajno-pravna komisijo."
"parl.DruzPolZb","seja",32,"1992-02-12","16:17:00","16:52:00","",0,"DruzPolZb.1992-02-12.s032-04.sp-255","DruzPolZb.1992-02-12.s032-04.sp-255.1",DruzPolZb.1992-02-12.s032-04.toc-item3,"","","speaker","PODPREDSEDNIK ANTON PERŠAK:"
"parl.DruzPolZb","seja",32,"1992-02-12","16:17:00","16:52:00","PersakAnton1947",1,"DruzPolZb.1992-02-12.s032-04.sp-255","DruzPolZb.1992-02-12.s032-04.sp-255.2",DruzPolZb.1992-02-12.s032-04.toc-item3,"taxonomy.3.6.6.2.3","topic.255","utterance","Zakonodajno-pravna komisija bo redakcijsko preverila."
"parl.DruzPolZb","seja",32,"1992-02-12","16:17:00","16:52:00","PersakAnton1947",1,"DruzPolZb.1992-02-12.s032-04.sp-255","DruzPolZb.1992-02-12.s032-04.sp-255.3",DruzPolZb.1992-02-12.s032-04.toc-item3,"taxonomy.3.6.6.2.3","topic.255","utterance","Kdor je za, naj, prosim, glasuje!"
"parl.DruzPolZb","seja",32,"1992-02-12","16:17:00","16:52:00","",0,"DruzPolZb.1992-02-12.s032-04.sp-255","DruzPolZb.1992-02-12.s032-04.sp-255.4",DruzPolZb.1992-02-12.s032-04.toc-item3,"","","vote","41 poslancev za."
"parl.DruzPolZb","seja",32,"1992-02-12","16:17:00","16:52:00","PersakAnton1947",1,"DruzPolZb.1992-02-12.s032-04.sp-255","DruzPolZb.1992-02-12.s032-04.sp-255.5",DruzPolZb.1992-02-12.s032-04.toc-item3,"taxonomy.3.6.6.2.3","topic.255","utterance","Kdo je proti?"
"parl.DruzPolZb","seja",32,"1992-02-12","16:17:00","16:52:00","",0,"DruzPolZb.1992-02-12.s032-04.sp-255","DruzPolZb.1992-02-12.s032-04.sp-255.6",DruzPolZb.1992-02-12.s032-04.toc-item3,"","","vote","Nihče."
"parl.DruzPolZb","seja",32,"1992-02-12","16:17:00","16:52:00","PersakAnton1947",1,"DruzPolZb.1992-02-12.s032-04.sp-255","DruzPolZb.1992-02-12.s032-04.sp-255.7",DruzPolZb.1992-02-12.s032-04.toc-item3,"taxonomy.3.6.6.2.3","topic.255","utterance","Kdo je vzdržan?"
"parl.DruzPolZb","seja",32,"1992-02-12","16:17:00","16:52:00","",0,"DruzPolZb.1992-02-12.s032-04.sp-255","DruzPolZb.1992-02-12.s032-04.sp-255.8",DruzPolZb.1992-02-12.s032-04.toc-item3,"","","vote","1 poslanec vzdržan."
"parl.DruzPolZb","seja",32,"1992-02-12","16:17:00","16:52:00","PersakAnton1947",1,"DruzPolZb.1992-02-12.s032-04.sp-255","DruzPolZb.1992-02-12.s032-04.sp-255.9",DruzPolZb.1992-02-12.s032-04.toc-item3,"taxonomy.3.6.6.2.3","topic.255","utterance","Z 41 glasovi za, 0 glasovi proti in z 1 vzdržanim glasom je ta amandma sprejet."
"parl.DruzPolZb","seja",32,"1992-02-12","16:17:00","16:52:00","PersakAnton1947",1,"DruzPolZb.1992-02-12.s032-04.sp-255","DruzPolZb.1992-02-12.s032-04.sp-255.10",DruzPolZb.1992-02-12.s032-04.toc-item3,"taxonomy.3.6.6.2.3","topic.255","utterance","Glasujemo o zakonu v celoti, vključno z amandmaji, ki smo jih izglasovali."
"parl.DruzPolZb","seja",32,"1992-02-12","16:17:00","16:52:00","PersakAnton1947",1,"DruzPolZb.1992-02-12.s032-04.sp-255","DruzPolZb.1992-02-12.s032-04.sp-255.11",DruzPolZb.1992-02-12.s032-04.toc-item3,"taxonomy.3.6.6.2.3","topic.255","utterance","Kdor je za zakon v celoti, naj prosim glasuje!"
"parl.DruzPolZb","seja",32,"1992-02-12","16:17:00","16:52:00","",0,"DruzPolZb.1992-02-12.s032-04.sp-255","DruzPolZb.1992-02-12.s032-04.sp-255.12",DruzPolZb.1992-02-12.s032-04.toc-item3,"","","vote","37 poslancev za."
"parl.DruzPolZb","seja",32,"1992-02-12","16:17:00","16:52:00","PersakAnton1947",1,"DruzPolZb.1992-02-12.s032-04.sp-255","DruzPolZb.1992-02-12.s032-04.sp-255.13",DruzPolZb.1992-02-12.s032-04.toc-item3,"taxonomy.3.6.6.2.3","topic.255","utterance","Kdo je proti?"
"parl.DruzPolZb","seja",32,"1992-02-12","16:17:00","16:52:00","",0,"DruzPolZb.1992-02-12.s032-04.sp-255","DruzPolZb.1992-02-12.s032-04.sp-255.14",DruzPolZb.1992-02-12.s032-04.toc-item3,"","","vote","Nihče."
"parl.DruzPolZb","seja",32,"1992-02-12","16:17:00","16:52:00","PersakAnton1947",1,"DruzPolZb.1992-02-12.s032-04.sp-255","DruzPolZb.1992-02-12.s032-04.sp-255.15",DruzPolZb.1992-02-12.s032-04.toc-item3,"taxonomy.3.6.6.2.3","topic.255","utterance","Kdo se je vzdržal?"
"parl.DruzPolZb","seja",32,"1992-02-12","16:17:00","16:52:00","",0,"DruzPolZb.1992-02-12.s032-04.sp-255","DruzPolZb.1992-02-12.s032-04.sp-255.16",DruzPolZb.1992-02-12.s032-04.toc-item3,"","","vote","3 poslanci vzdržani."
"parl.DruzPolZb","seja",32,"1992-02-12","16:17:00","16:52:00","PersakAnton1947",1,"DruzPolZb.1992-02-12.s032-04.sp-255","DruzPolZb.1992-02-12.s032-04.sp-255.17",DruzPolZb.1992-02-12.s032-04.toc-item3,"taxonomy.3.6.6.2.3","topic.255","utterance","Z 37 glasovi za, 0 proti in 3 vzdržanimi je zakon sprejet."
"parl.DruzPolZb","seja",32,"1992-02-12","16:17:00","16:52:00","PersakAnton1947",1,"DruzPolZb.1992-02-12.s032-04.sp-255","DruzPolZb.1992-02-12.s032-04.sp-255.18",DruzPolZb.1992-02-12.s032-04.toc-item3,"taxonomy.3.6.6.2.3","topic.255","utterance","Če dovolite bi opravili še en skok nazaj v 30. sejo, kar bi skušali opraviti do 17. ure, ker je ob 17. uri predvidena skupna seja."
"parl.DruzPolZb","seja",32,"1992-02-12","16:17:00","16:52:00","",0,"DruzPolZb.1992-02-12.s032-04.sp-255","DruzPolZb.1992-02-12.s032-04.sp-255.19",DruzPolZb.1992-02-12.s032-04.toc-item3,"","","time","Seja je bila prekinjena ob 16.52 uri in se je nadaljevala ob 17.00 uri."
"parl.DruzPolZb","seja",32,"1992-02-12","17:00:00","17:10:00","",0,"DruzPolZb.1992-02-12.s032-04.sp-256","DruzPolZb.1992-02-12.s032-04.sp-256.1",DruzPolZb.1992-02-12.s032-04.toc-item4,"","","speaker","PODPREDSEDNIK ANTON PERŠAK:"
"parl.DruzPolZb","seja",32,"1992-02-12","17:00:00","17:10:00","PersakAnton1947",1,"DruzPolZb.1992-02-12.s032-04.sp-256","DruzPolZb.1992-02-12.s032-04.sp-256.2",DruzPolZb.1992-02-12.s032-04.toc-item4,"taxonomy.3.3","topic.201","utterance","Imamo še glasovanje o 11. TOČKI DNEVNEGA REDA 32. SEJE - PREDLOG ZA IZDAJO ZAKONA O EVIDENCAH S PODROČJA JAVNE VARNOSTI Z OSNUTKOM ZAKONA."
"parl.DruzPolZb","seja",32,"1992-02-12","17:00:00","17:10:00","PersakAnton1947",1,"DruzPolZb.1992-02-12.s032-04.sp-256","DruzPolZb.1992-02-12.s032-04.sp-256.3",DruzPolZb.1992-02-12.s032-04.toc-item4,"taxonomy.3.3","topic.201","utterance","Razpravo k predlogu zakona smo opravili v nadaljevanju seje, dne 16.1.1992. Točko smo takrat prekinili zaradi opredelitve Zakonodajno-pravne komisije. Danes smo na klop prejeli tudi poročilo Zakonodajno-pravne komisije. Želi kdo razpravljati, ko smo to poročilo dobili. Če ne, prehajamo na glasovanje."
"parl.DruzPolZb","seja",32,"1992-02-12","17:00:00","17:10:00","PersakAnton1947",1,"DruzPolZb.1992-02-12.s032-04.sp-256","DruzPolZb.1992-02-12.s032-04.sp-256.4",DruzPolZb.1992-02-12.s032-04.toc-item4,"taxonomy.3.3","topic.201","utterance","Zboru predlagam naslednji sklep: ""Zbor sprejema predlog za izdajo zakona o evidencah s področja javne varnosti z osnutkom zakona. Zbor nalaga predlagatelju, da v upoštevanju razprave na zboru in v delovnih telesih pripravi predlog zakona."""
"parl.DruzPolZb","seja",32,"1992-02-12","17:00:00","17:10:00","PersakAnton1947",1,"DruzPolZb.1992-02-12.s032-04.sp-256","DruzPolZb.1992-02-12.s032-04.sp-256.5",DruzPolZb.1992-02-12.s032-04.toc-item4,"taxonomy.3.3","topic.201","utterance","Želi o predlogu sklepa kdo razpravljati, če ne predlagam, da o njem glasujemo. Nihče ne želi razpravljati. Ugotavljamo navzočnost. Vse navzoče poslance prosim, da se priglasite."
"parl.DruzPolZb","seja",32,"1992-02-12","17:00:00","17:10:00","",0,"DruzPolZb.1992-02-12.s032-04.sp-256","DruzPolZb.1992-02-12.s032-04.sp-256.6",DruzPolZb.1992-02-12.s032-04.toc-item4,"","","quorum","46 prisotnih."
"parl.DruzPolZb","seja",32,"1992-02-12","17:00:00","17:10:00","PersakAnton1947",1,"DruzPolZb.1992-02-12.s032-04.sp-256","DruzPolZb.1992-02-12.s032-04.sp-256.7",DruzPolZb.1992-02-12.s032-04.toc-item4,"taxonomy.3.3","topic.201","utterance","Kdor je za, naj, prosim, glasuje!"
"parl.DruzPolZb","seja",32,"1992-02-12","17:00:00","17:10:00","",0,"DruzPolZb.1992-02-12.s032-04.sp-256","DruzPolZb.1992-02-12.s032-04.sp-256.8",DruzPolZb.1992-02-12.s032-04.toc-item4,"","","vote","32 poslancev za."
"parl.DruzPolZb","seja",32,"1992-02-12","17:00:00","17:10:00","PersakAnton1947",1,"DruzPolZb.1992-02-12.s032-04.sp-256","DruzPolZb.1992-02-12.s032-04.sp-256.9",DruzPolZb.1992-02-12.s032-04.toc-item4,"taxonomy.3.3","topic.201","utterance","Kdo je proti?"
"parl.DruzPolZb","seja",32,"1992-02-12","17:00:00","17:10:00","",0,"DruzPolZb.1992-02-12.s032-04.sp-256","DruzPolZb.1992-02-12.s032-04.sp-256.10",DruzPolZb.1992-02-12.s032-04.toc-item4,"","","vote","2 poslanca proti."
"parl.DruzPolZb","seja",32,"1992-02-12","17:00:00","17:10:00","PersakAnton1947",1,"DruzPolZb.1992-02-12.s032-04.sp-256","DruzPolZb.1992-02-12.s032-04.sp-256.11",DruzPolZb.1992-02-12.s032-04.toc-item4,"taxonomy.3.3","topic.201","utterance","Kdo se je vzdržal?"
"parl.DruzPolZb","seja",32,"1992-02-12","17:00:00","17:10:00","",0,"DruzPolZb.1992-02-12.s032-04.sp-256","DruzPolZb.1992-02-12.s032-04.sp-256.12",DruzPolZb.1992-02-12.s032-04.toc-item4,"","","vote","6 poslancev vzdržanih."
"parl.DruzPolZb","seja",32,"1992-02-12","17:00:00","17:10:00","PersakAnton1947",1,"DruzPolZb.1992-02-12.s032-04.sp-256","DruzPolZb.1992-02-12.s032-04.sp-256.13",DruzPolZb.1992-02-12.s032-04.toc-item4,"taxonomy.3.3","topic.201","utterance","Z 32 glasovi za, 2 proti in 6 vzdržanimi je ta sklep o predlogu za izdajo zakona z osnutkom zakona o evidencah itd. tako sprejet."
"parl.DruzPolZb","seja",32,"1992-02-12","17:00:00","17:10:00","PersakAnton1947",1,"DruzPolZb.1992-02-12.s032-04.sp-256","DruzPolZb.1992-02-12.s032-04.sp-256.14",DruzPolZb.1992-02-12.s032-04.toc-item5,"taxonomy.3.1.1","topic.76","utterance","Prehajamo na usklajevanje pri 12. TOČKI DNEVNEGA REDA - PREDLOG ZA IZDAJO ZAKONA O ODLIKOVANJU ČASTNI ZNAK SVOBODE REPUBLIKE SLOVENIJE."
"parl.DruzPolZb","seja",32,"1992-02-12","17:00:00","17:10:00","PersakAnton1947",1,"DruzPolZb.1992-02-12.s032-04.sp-256","DruzPolZb.1992-02-12.s032-04.sp-256.15",DruzPolZb.1992-02-12.s032-04.toc-item5,"taxonomy.3.1.1","topic.76","utterance","Poročilo o usklajevanju bo podal g. Tomažič."
"parl.DruzPolZb","seja",32,"1992-02-12","17:00:00","17:10:00","",0,"DruzPolZb.1992-02-12.s032-04.sp-257","DruzPolZb.1992-02-12.s032-04.sp-257.1",DruzPolZb.1992-02-12.s032-04.toc-item5,"","","speaker","ANTON TOMAŽIČ:"
"parl.DruzPolZb","seja",32,"1992-02-12","17:00:00","17:10:00","TomazicAnton1950",0,"DruzPolZb.1992-02-12.s032-04.sp-257","DruzPolZb.1992-02-12.s032-04.sp-257.2",DruzPolZb.1992-02-12.s032-04.toc-item5,"taxonomy.3.1.1","topic.76","utterance","Delovna skupina je ugotovila, da sta Zbor združenega dela in Zbor občin sprejela predlog za izdajo zakona z osnutkom zakona. Naš zbor pa je osnutek zakona zavrnil, in naložil Vladi pripravo celovitega zakona o odlikovanju Republike Slovenije, v katerega naj bi bila vključena tudi vsebina Zakonodajno-pravne komisije, ki tudi ugotavlja, da bi bilo sistemsko ustrezneje, vendar pa so predlagatelji zopet pojasnili nekatere praktične vidike in dejstva. Tako kot Zakonodajno-pravna komisija ni striktno nasprotovala ureditvi določenih odlikovanj s posebnim zakona, se je tudi v naši skupini potem soglasno oblikoval predlog, da bi naš zbor kljub temu sprejel predlog za izdajo zakona z osnutkom zakona. Ugotovljeno je bilo, če bi sedaj začeli sistemski zakon in verjetno upoštevali morebitni zaključek te skupščine, da bi zakon zahteval ponovni razpis za oblikovanje teh častnih znakov, to ne bi bilo sprejeto do junija, ko je obletnica osamosvojitve Slovenije, je še nekaj drugih praktičnih razlogov, zato skupina predlaga, da Družbenopolitični zbor pri tem zakonu kljub vsemu, kakor druga dva zbora, sprejme predlog za izdajo, zakona z osnutkom zakona."
"parl.DruzPolZb","seja",32,"1992-02-12","17:00:00","17:10:00","",0,"DruzPolZb.1992-02-12.s032-04.sp-258","DruzPolZb.1992-02-12.s032-04.sp-258.1",DruzPolZb.1992-02-12.s032-04.toc-item5,"","","speaker","PODPREDSEDNIK ANTON PERŠAK:"
"parl.DruzPolZb","seja",32,"1992-02-12","17:00:00","17:10:00","PersakAnton1947",1,"DruzPolZb.1992-02-12.s032-04.sp-258","DruzPolZb.1992-02-12.s032-04.sp-258.2",DruzPolZb.1992-02-12.s032-04.toc-item5,"taxonomy.3.1.1","topic.76","utterance","Želi kdo razpravljati o tem poročilu? Če ne, dajem na glasovanje kakor nam predlaga delovna skupina, da bi sprejeli sklep, ki se glasi, kot običajno, da zbor sprejme predlog za izdajo zakona z osnutkom zakona - odlikovanje častni znak svobode Republike Slovenije in da zbor nalaga predlagatelju, da pripravi predlog zakona in pri tem upošteva razpravo na delovnih telesih in zboru. To je sklep."
"parl.DruzPolZb","seja",32,"1992-02-12","17:00:00","17:10:00","PersakAnton1947",1,"DruzPolZb.1992-02-12.s032-04.sp-258","DruzPolZb.1992-02-12.s032-04.sp-258.3",DruzPolZb.1992-02-12.s032-04.toc-item5,"taxonomy.3.1.1","topic.76","utterance","Prosim prisotnost, vse navzoče, vas prosim."
"parl.DruzPolZb","seja",32,"1992-02-12","17:00:00","17:10:00","",0,"DruzPolZb.1992-02-12.s032-04.sp-258","DruzPolZb.1992-02-12.s032-04.sp-258.4",DruzPolZb.1992-02-12.s032-04.toc-item5,"","","quorum","44 prisotnih."
"parl.DruzPolZb","seja",32,"1992-02-12","17:00:00","17:10:00","PersakAnton1947",1,"DruzPolZb.1992-02-12.s032-04.sp-258","DruzPolZb.1992-02-12.s032-04.sp-258.5",DruzPolZb.1992-02-12.s032-04.toc-item5,"taxonomy.3.1.1","topic.76","utterance","Kdor je za predlog, naj prosim, glasuje!"
"parl.DruzPolZb","seja",32,"1992-02-12","17:00:00","17:10:00","",0,"DruzPolZb.1992-02-12.s032-04.sp-258","DruzPolZb.1992-02-12.s032-04.sp-258.6",DruzPolZb.1992-02-12.s032-04.toc-item5,"","","vote","35 poslancev za."
"parl.DruzPolZb","seja",32,"1992-02-12","17:00:00","17:10:00","PersakAnton1947",1,"DruzPolZb.1992-02-12.s032-04.sp-258","DruzPolZb.1992-02-12.s032-04.sp-258.7",DruzPolZb.1992-02-12.s032-04.toc-item5,"taxonomy.3.1.1","topic.76","utterance","Kdor je proti, naj glasuje!"
"parl.DruzPolZb","seja",32,"1992-02-12","17:00:00","17:10:00","",0,"DruzPolZb.1992-02-12.s032-04.sp-258","DruzPolZb.1992-02-12.s032-04.sp-258.8",DruzPolZb.1992-02-12.s032-04.toc-item5,"","","vote","Nihče."
"parl.DruzPolZb","seja",32,"1992-02-12","17:00:00","17:10:00","PersakAnton1947",1,"DruzPolZb.1992-02-12.s032-04.sp-258","DruzPolZb.1992-02-12.s032-04.sp-258.9",DruzPolZb.1992-02-12.s032-04.toc-item5,"taxonomy.3.1.1","topic.76","utterance","Kdor se je vzdržal, naj glasuje!"
"parl.DruzPolZb","seja",32,"1992-02-12","17:00:00","17:10:00","",0,"DruzPolZb.1992-02-12.s032-04.sp-258","DruzPolZb.1992-02-12.s032-04.sp-258.10",DruzPolZb.1992-02-12.s032-04.toc-item5,"","","vote","3 poslanci vzdržani."
"parl.DruzPolZb","seja",32,"1992-02-12","17:00:00","17:10:00","PersakAnton1947",1,"DruzPolZb.1992-02-12.s032-04.sp-258","DruzPolZb.1992-02-12.s032-04.sp-258.11",DruzPolZb.1992-02-12.s032-04.toc-item5,"taxonomy.3.1.1","topic.76","utterance","S 35 za, nihče proti, 3 vzdržani je predlog sprejet."
"parl.DruzPolZb","seja",32,"1992-02-12","17:00:00","17:10:00","PersakAnton1947",1,"DruzPolZb.1992-02-12.s032-04.sp-258","DruzPolZb.1992-02-12.s032-04.sp-258.12",DruzPolZb.1992-02-12.s032-04.toc-item5,"taxonomy.3.1.1","topic.76","utterance","Imamo še usklajevanje k 16. točki dnevnega reda, predlog za izdajo zakona nadomestila izpada prihodkov izvoznikov. Poročilo usklajevalne komisije vseh treh zborov o različno sprejetemu besedilu zakona še nismo prejeli na klop. Sprašujem poročevalca te Usklajevalne komisije, če mora naš zbor kaj storiti. Našemu zboru ni treba ničesar storiti, se pravi, da smo tudi to točko absolvirali in s tem, so nam ostale še pobude in vprašanja."
"parl.DruzPolZb","seja",32,"1992-02-12","17:00:00","17:10:00","PersakAnton1947",1,"DruzPolZb.1992-02-12.s032-04.sp-258","DruzPolZb.1992-02-12.s032-04.sp-258.13",DruzPolZb.1992-02-12.s032-04.toc-item5,"taxonomy.3.1.1","topic.76","utterance","Smo nekatere pobude in vprašanja že oddali, ker še ni drugih, predlagam, da zbor po skupni seji še to točko opravi, če želi. Prosim, če povabite še člane drugih dveh zborov."
"parl.DruzPolZb","seja",32,"1992-02-12","17:00:00","17:10:00","",0,"DruzPolZb.1992-02-12.s032-04.sp-258","DruzPolZb.1992-02-12.s032-04.sp-258.14",DruzPolZb.1992-02-12.s032-04.toc-item5,"","","time","SEJA JE BILA PREKINJENA 12. FEBRUARJA 1992 OB 17.10 URI IN SE JE NADALJEVALA 18. MARCA 1992 OB 11.43 URI."
