"persId","orgId","eventId","role","from","to","previous persId","next persId"
"KucanMilan1941","preds.Predsedstvo","preds.Predsedstvo-09","head","","","",""
"KucanMilan1941","preds.Predsednik","preds.Predsednik-01","head","","","",""
"PlutDusan1950","preds.Predsedstvo","preds.Predsedstvo-09","member","","","",""
"ZlobecCiril1925","preds.Predsedstvo","preds.Predsedstvo-09","member","","","",""
"MalesicMatija1933","gov.VladaRS","gov.VladaRS-1","deputy","","","",""
"MencingerJoze1941","gov.VladaRS","gov.VladaRS-1","deputy","1990-05-16","1991-05-08","","OcvirkAndrej1942"
"MencingerJoze1941","pp.SDSS","gov.VladaRS-1","","","","",""
"OcvirkAndrej1942","gov.VladaRS","gov.VladaRS-1","deputy","1991-05-08","1992-05-14","MencingerJoze1941",""
"BastlMaks1941","gov.VladaRS","gov.VladaRS-1","member","1991-05-08","1992-02-12","","JerajJozef1938"
"BastlMaks1941","gov.MTRS","gov.VladaRS-1","head","1991-05-08","1992-02-12","","JerajJozef1938"
"BavcarIgor1955","gov.VladaRS","gov.VladaRS-1","member","","","",""
"BavcarIgor1955","gov.MNZRS","gov.VladaRS-1","head","","","",""
"BavcarIgor1955","gov.VladaRS","gov.VladaRS-2","member","","","",""
"BavcarIgor1955","gov.MNZRS","gov.VladaRS-2","head","","","",""
"BrezarViktor1943","gov.VladaRS","gov.VladaRS-1","member","","","",""
"BrezarViktor1943","gov.MMGRS","gov.VladaRS-1","head","","","",""
"BrezarViktor1943","pp.SOS","gov.VladaRS-1","","","","",""
"DularJanez1943","gov.VladaRS","gov.VladaRS-1","member","","","",""
"DularJanez1943","gov.MSSNS","gov.VladaRS-1","head","","","",""
"GodesaFranc1934","gov.VladaRS","gov.VladaRS-1","member","","","",""
"GodesaFranc1934","gov.MBVIRS","gov.VladaRS-1","head","","","",""
"GodesaFranc1934","pp.ZKS-SDP","gov.VladaRS-1","","","","",""
"JankoAlojz1943","gov.VladaRS","gov.VladaRS-1","member","","","",""
"JankoAlojz1943","gov.MZRS","gov.VladaRS-1","head","","","",""
"JankoAlojz1943","gov.VladaRS","gov.VladaRS-2","member","","","",""
"JankoAlojz1943","gov.MZRS","gov.VladaRS-2","head","","","",""
"JazbinsekMiha1941","gov.VladaRS","gov.VladaRS-1","member","","","",""
"JazbinsekMiha1941","gov.MVOUPRS","gov.VladaRS-1","head","","","",""
"JazbinsekMiha1941","gov.VladaRS","gov.VladaRS-2","member","","","",""
"JazbinsekMiha1941","gov.MVOUPRS","gov.VladaRS-2","head","","","",""
"JerajJozef1938","gov.VladaRS","gov.VladaRS-1","member","1992-02-12","1992-05-14","BastlMaks1941",""
"JerajJozef1938","gov.MTRS","gov.VladaRS-1","head","1992-02-12","1992-05-14","BastlMaks1941",""
"JerajJozef1938","gov.VladaRS","gov.VladaRS-2","member","1992-05-14","1992-09-23","","ValentincicDavorin"
"JerajJozef1938","gov.MTRS","gov.VladaRS-2","head","1992-05-14","1992-09-23","","ValentincicDavorin"
"StanicStane1926","gov.VladaRS","gov.VladaRS-1","member","1990-05-16","1991-04-24","","KacinJelko1955"
"StanicStane1926","gov.MIRS","gov.VladaRS-1","head","1990-05-16","1991-04-24","","KacinJelko1955"
"StanicStane1926","pp.ZSMS","gov.VladaRS-1","","","","",""
"KacinJelko1955","gov.VladaRS","gov.VladaRS-1","member","1991-04-24","1992-05-14","StanicStane1926",""
"KacinJelko1955","gov.MIRS","gov.VladaRS-1","head","1991-04-24","1992-05-14","StanicStane1926",""
"KacinJelko1955","gov.VladaRS","gov.VladaRS-2","member","","","",""
"KacinJelko1955","gov.MIRS","gov.VladaRS-2","head","","","",""
"KrajncMarjan1927","gov.VladaRS","gov.VladaRS-1","member","","","",""
"KrajncMarjan1927","gov.MPZRS","gov.VladaRS-1","head","","","",""
"KrajncMarjan1927","gov.VladaRS","gov.VladaRS-2","member","","","",""
"KrajncMarjan1927","gov.MPZRS","gov.VladaRS-2","head","","","",""
"KranjecMarko1940","gov.VladaRS","gov.VladaRS-1","member","1990-05-16","1991-05-08","","SesokDusan1953"
"KranjecMarko1940","gov.MFRS","gov.VladaRS-1","head","1990-05-16","1991-05-08","","SesokDusan1953"
"SesokDusan1953","gov.VladaRS","gov.VladaRS-1","member","1991-05-09","1992-05-14","KranjecMarko1940",""
"SesokDusan1953","gov.MFRS","gov.VladaRS-1","head","1991-05-09","1992-05-14","KranjecMarko1940",""
"SesokDusan1953","gov.VladaRS","gov.VladaRS-2","member","","","",""
"SesokDusan1953","gov.MIGRS","gov.VladaRS-2","head","","","",""
"OstercJozef1942","gov.VladaRS","gov.VladaRS-1","member","","","",""
"OstercJozef1942","gov.MKGPRS","gov.VladaRS-1","head","","","",""
"PasIngo1941","gov.VladaRS","gov.VladaRS-1","member","","","",""
"PasIngo1941","gov.MTGRS","gov.VladaRS-1","head","","","",""
"PasIngo1941","pp.SOS","gov.VladaRS-1","","","","",""
"PuharJozica1942","gov.VladaRS","gov.VladaRS-1","member","","","",""
"PuharJozica1942","gov.MDRS","gov.VladaRS-1","head","","","",""
"PuharJozica1942","pp.ZKS-SDP","gov.VladaRS-1","","","","",""
"PuharJozica1942","gov.VladaRS","gov.VladaRS-2","member","","","",""
"PuharJozica1942","gov.MDRS","gov.VladaRS-2","head","","","",""
"RupelDimitrij1946","gov.VladaRS","gov.VladaRS-1","member","","","",""
"RupelDimitrij1946","gov.MZZRS","gov.VladaRS-1","head","","","",""
"RupelDimitrij1946","pp.SDZ","gov.VladaRS-1","","","","",""
"RupelDimitrij1946","gov.VladaRS","gov.VladaRS-2","member","","","",""
"RupelDimitrij1946","gov.MZZRS","gov.VladaRS-2","head","","","",""
"TancigPeter1944","gov.VladaRS","gov.VladaRS-1","member","","","",""
"TancigPeter1944","gov.MZTRS","gov.VladaRS-1","head","","","",""
"TancigPeter1944","gov.VladaRS","gov.VladaRS-2","member","","","",""
"TancigPeter1944","gov.MZTRS","gov.VladaRS-2","head","","","",""
"TomsicMihael1941","gov.VladaRS","gov.VladaRS-1","member","","","",""
"TomsicMihael1941","gov.MERS","gov.VladaRS-1","head","","","",""
"TomsicMihael1941","pp.ZKS-SDP","gov.VladaRS-1","","","","",""
"UmekIgor1956","gov.VladaRS","gov.VladaRS-1","member","","","",""
"UmekIgor1956","gov.MPLRS","gov.VladaRS-1","head","","","",""
"VenceljPeter1939","gov.VladaRS","gov.VladaRS-1","member","","","",""
"VenceljPeter1939","gov.MŠŠRS","gov.VladaRS-1","head","","","",""
"DrnovsekJanez1950","gov.VladaRS","gov.VladaRS-2","head","1992-04-22","1993-01-25","",""
"PucnikJoze1932","gov.VladaRS","gov.VladaRS-2","deputy","","","",""
"RigelnikHerman1942","gov.VladaRS","gov.VladaRS-2","deputy","","","",""
"GaspariMitja1951","gov.VladaRS","gov.VladaRS-2","member","1992-06-10","1993-01-25","KopacJanez1961",""
"GaspariMitja1951","gov.MFRS","gov.VladaRS-2","head","1992-06-10","1993-01-25","KopacJanez1961",""
"KozincMiha1952","gov.VladaRS","gov.VladaRS-2","member","","","",""
"KozincMiha1952","gov.MPURS","gov.VladaRS-2","head","","","",""
"GaberSlavko1958","gov.VladaRS","gov.VladaRS-2","member","","","",""
"GaberSlavko1958","gov.MŠŠRS","gov.VladaRS-2","head","","","",""
"KracunDavorin1950","gov.VladaRS","gov.VladaRS-2","member","","","",""
"KracunDavorin1950","gov.MPLRS","gov.VladaRS-2","head","","","",""
"TajnikarMaks1951","gov.VladaRS","gov.VladaRS-2","member","","","",""
"TajnikarMaks1951","gov.MMGRS","gov.VladaRS-2","head","","","",""
"ValentincicDavorin","gov.VladaRS","gov.VladaRS-2","member","1992-09-23","1993-01-25","JerajJozef1938",""
"ValentincicDavorin","gov.MTRS","gov.VladaRS-2","head","1992-09-23","1993-01-25","JerajJozef1938",""
"AnderlicTone1956","parl.DruzPolZb","parl.Skup-11","member","","","",""
"AnderlicTone1956","pp.ZSMS","parl.Skup-11","","","","",""
"AnderlicTone1956","pp.LDS.1990","parl.Skup-11","","","","",""
"BalazicMilan1958","parl.DruzPolZb","parl.Skup-11","member","","","",""
"BalazicMilan1958","pp.ZKS-SDP","parl.Skup-11","","","","",""
"BalazicMilan1958","pp.SDU","parl.Skup-11","","","1992-05","",""
"BalazicMilan1958","pp.SSS","parl.Skup-11","","","","",""
"BattelliRoberto1954","parl.DruzPolZb","parl.Skup-11","member","","","",""
"BattelliRoberto1954","ns.ital","parl.Skup-11","","","","",""
"BekesPeter1946","parl.DruzPolZb","parl.Skup-11","member","","","",""
"BekesPeter1946","pp.ZKS-SDP","parl.Skup-11","","","","",""
"BekesPeter1946","pp.SSS","parl.Skup-11","","","","",""
"BohKatja1929","parl.DruzPolZb","parl.Skup-11","member","1990-05-08","1992-06-03","","GrimsBranko1962"
"BohKatja1929","pp.SDSS","parl.Skup-11","","","","",""
"BohKatja1929","gov.VladaRS","gov.VladaRS-1","member","1990-05-16","1992-01-15","","VoljcBozidar1939"
"BohKatja1929","gov.MZDSVRS","gov.VladaRS-1","head","1990-05-16","1992-01-15","","VoljcBozidar1939"
"GrimsBranko1962","parl.DruzPolZb","parl.Skup-11","member","1992-07-01","1992-12-23","BohKatja1929",""
"GrimsBranko1962","pp.SDSS","parl.Skup-11","","","","",""
"BolcarNada1941","parl.DruzPolZb","parl.Skup-11","member","","","",""
"BolcarNada1941","pp.SKD","parl.Skup-11","","","","",""
"BucarFrance1923","parl.DruzPolZb","parl.Skup-11","member","","","",""
"BucarFrance1923","pp.SDZ","parl.Skup-11","","","","",""
"BucarFrance1923","pp.DS","parl.Skup-11","","","","",""
"BuserStanko1932","parl.DruzPolZb","parl.Skup-11","member","","","",""
"BuserStanko1932","pp.ZS","parl.Skup-11","","","1992-05","",""
"BuserStanko1932","pp.SLS","parl.Skup-11","","1992-05","","",""
"CapuderAndrej1942","parl.DruzPolZb","parl.Skup-11","member","","","",""
"CapuderAndrej1942","pp.SKD","parl.Skup-11","","","","",""
"CapuderAndrej1942","gov.VladaRS","gov.VladaRS-1","member","","","",""
"CapuderAndrej1942","gov.MKRS","gov.VladaRS-1","head","","","",""
"CapuderAndrej1942","pp.SKD","gov.VladaRS-1","","","","",""
"GajsekJanez","parl.DruzPolZb","parl.Skup-11","member","","","",""
"GajsekJanez","pp.SKD","parl.Skup-11","","","","",""
"GerlBoris1935","parl.DruzPolZb","parl.Skup-11","member","","","",""
"GerlBoris1935","pp.ZS","parl.Skup-11","","","","",""
"GolijaFranc","parl.DruzPolZb","parl.Skup-11","member","","","",""
"GolijaFranc","pp.LS","parl.Skup-11","","","","",""
"GolobicGregor1964","parl.DruzPolZb","parl.Skup-11","member","","","",""
"GolobicGregor1964","pp.ZSMS","parl.Skup-11","","","","",""
"GolobicGregor1964","pp.LDS.1990","parl.Skup-11","","","","",""
"GosnikVane1953","parl.DruzPolZb","parl.Skup-11","member","","","",""
"GosnikVane1953","pp.ZS","parl.Skup-11","","","","",""
"GrabnerAlojz","parl.DruzPolZb","parl.Skup-11","member","","","",""
"GrabnerAlojz","pp.SKZ","parl.Skup-11","","","","",""
"GrabnerAlojz","pp.SLS","parl.Skup-11","","","","",""
"HalbJanko1957","parl.DruzPolZb","parl.Skup-11","member","","","",""
"HalbJanko1957","pp.SKZ","parl.Skup-11","","","","",""
"HalbJanko1957","pp.SLS","parl.Skup-11","","","","",""
"HobicJoze1955","parl.DruzPolZb","parl.Skup-11","member","","","",""
"HobicJoze1955","pp.SKZ","parl.Skup-11","","","","",""
"HobicJoze1955","pp.SLS","parl.Skup-11","","","","",""
"HribarSpomenka1941","parl.DruzPolZb","parl.Skup-11","member","","","",""
"HribarSpomenka1941","pp.SDZ","parl.Skup-11","","","","",""
"HribarSpomenka1941","pp.DS","parl.Skup-11","","","","",""
"JansaJanez1958","parl.DruzPolZb","parl.Skup-11","member","","","",""
"JansaJanez1958","pp.SDZ","parl.Skup-11","","","","",""
"JansaJanez1958","pp.SDSS","parl.Skup-11","","1992-04","","",""
"JansaJanez1958","gov.VladaRS","gov.VladaRS-1","member","","","",""
"JansaJanez1958","gov.MORS","gov.VladaRS-1","head","","","",""
"JansaJanez1958","gov.VladaRS","gov.VladaRS-2","member","","","",""
"JansaJanez1958","gov.MORS","gov.VladaRS-2","head","","","",""
"JuriFranco1956","parl.DruzPolZb","parl.Skup-11","member","","","",""
"JuriFranco1956","pp.ZSMS","parl.Skup-11","","","","",""
"JuriFranco1956","pp.LDS.1990","parl.Skup-11","","","","",""
"JuriFranco1956","ns.ital","parl.Skup-11","","","","",""
"KmeticSlavko","parl.DruzPolZb","parl.Skup-11","member","","","",""
"KmeticSlavko","pp.SDSS","parl.Skup-11","","","","",""
"KocijancicJanez1941","parl.DruzPolZb","parl.Skup-11","member","","","",""
"KocijancicJanez1941","pp.ZKS-SDP","parl.Skup-11","","","","",""
"KocijancicJanez1941","pp.SDP","parl.Skup-11","","","","",""
"KociperStefan1952","parl.DruzPolZb","parl.Skup-11","member","","","",""
"KociperStefan1952","pp.SKD","parl.Skup-11","","","","",""
"KolesnikCiril","parl.DruzPolZb","parl.Skup-11","member","","","",""
"KolesnikCiril","pp.SKD","parl.Skup-11","","","","",""
"KopacJanez1961","parl.DruzPolZb","parl.Skup-11","member","","","",""
"KopacJanez1961","pp.ZSMS","parl.Skup-11","","","","",""
"KopacJanez1961","pp.LDS.1990","parl.Skup-11","","","","",""
"KopacJanez1961","gov.VladaRS","gov.VladaRS-2","member","1992-05-14","1992-06-10","","GaspariMitja1951"
"KopacJanez1961","gov.MFRS","gov.VladaRS-2","head","1992-05-14","1992-06-10","","GaspariMitja1951"
"KorosecStefan1938","parl.DruzPolZb","parl.Skup-11","member","","","",""
"KorosecStefan1938","pp.ZKS-SDP","parl.Skup-11","","","","",""
"KorosecStefan1938","pp.SDP","parl.Skup-11","","","","",""
"KreflIvan","parl.DruzPolZb","parl.Skup-11","member","","","",""
"KreflIvan","pp.LS","parl.Skup-11","","","","",""
"KreftLev1951","parl.DruzPolZb","parl.Skup-11","member","","","",""
"KreftLev1951","pp.ZKS-SDP","parl.Skup-11","","","","",""
"KreftLev1951","pp.SDP","parl.Skup-11","","","","",""
"KuharicBozo","parl.DruzPolZb","parl.Skup-11","member","","","",""
"KuharicBozo","pp.ZKS-SDP","parl.Skup-11","","","","",""
"KuharicBozo","pp.SDP","parl.Skup-11","","","","",""
"LampretJanez","parl.DruzPolZb","parl.Skup-11","member","","","",""
"LampretJanez","pp.SKD","parl.Skup-11","","","","",""
"LavtizarBeblerDarja1950","parl.DruzPolZb","parl.Skup-11","member","","","",""
"LavtizarBeblerDarja1950","pp.SZS","parl.Skup-11","","","","",""
"LavtizarBeblerDarja1950","pp.SSS","parl.Skup-11","","","","",""
"LogarMihaela1953","parl.DruzPolZb","parl.Skup-11","member","","","",""
"LogarMihaela1953","pp.SKZ","parl.Skup-11","","","","",""
"LogarMihaela1953","pp.SLS","parl.Skup-11","","","","",""
"LokarSonja1948","parl.DruzPolZb","parl.Skup-11","member","","","",""
"LokarSonja1948","pp.ZKS-SDP","parl.Skup-11","","","","",""
"LokarSonja1948","pp.SDP","parl.Skup-11","","","","",""
"MagajnaAndrej1952","parl.DruzPolZb","parl.Skup-11","member","","","",""
"MagajnaAndrej1952","pp.SDSS","parl.Skup-11","","","1992-05","",""
"MagajnaAndrej1952","independet","parl.Skup-11","","","","",""
"MagdicJoze1943","parl.DruzPolZb","parl.Skup-11","member","","","",""
"MagdicJoze1943","pp.SKD","parl.Skup-11","","","","",""
"MencinMetka","parl.DruzPolZb","parl.Skup-11","member","","","",""
"MencinMetka","pp.ZSMS","parl.Skup-11","","","","",""
"MencinMetka","pp.LDS.1990","parl.Skup-11","","","","",""
"NemanicJulij1938","parl.DruzPolZb","parl.Skup-11","member","","","",""
"NemanicJulij1938","pp.SKZ","parl.Skup-11","","","","",""
"NemanicJulij1938","pp.SLS","parl.Skup-11","","","","",""
"OcvirkMojmir","parl.DruzPolZb","parl.Skup-11","member","","","",""
"OcvirkMojmir","pp.ZSMS","parl.Skup-11","","","","",""
"OcvirkMojmir","pp.LDS.1990","parl.Skup-11","","","","",""
"PahorBorut1963","parl.DruzPolZb","parl.Skup-11","member","","","",""
"PahorBorut1963","pp.ZKS-SDP","parl.Skup-11","","","","",""
"PahorBorut1963","pp.SDP","parl.Skup-11","","","","",""
"PersakAnton1947","parl.DruzPolZb","parl.Skup-11","member","","","",""
"PersakAnton1947","pp.SDZ","parl.Skup-11","","","","",""
"PersakAnton1947","pp.DS","parl.Skup-11","","","","",""
"PeterleAlojz1948","parl.DruzPolZb","parl.Skup-11","member","","","",""
"PeterleAlojz1948","pp.SKD","parl.Skup-11","","","","",""
"PeterleAlojz1948","gov.VladaRS","gov.VladaRS-1","head","","","",""
"PeterleAlojz1948","pp.SKD","gov.VladaRS-1","","","","",""
"PintarEmilMilan1944","parl.DruzPolZb","parl.Skup-11","member","","","",""
"PintarEmilMilan1944","pp.ZKS-SDP","parl.Skup-11","","","1992-06","",""
"PintarEmilMilan1944","pp.SDSS","parl.Skup-11","","","","",""
"PipanFranc1941","parl.DruzPolZb","parl.Skup-11","member","","","",""
"PipanFranc1941","pp.ZKS-SDP","parl.Skup-11","","","","",""
"PipanFranc1941","pp.SDP","parl.Skup-11","","","","",""
"PirnatRajko1951","parl.DruzPolZb","parl.Skup-11","member","","","",""
"PirnatRajko1951","pp.SDZ","parl.Skup-11","","","","",""
"PirnatRajko1951","pp.SDZ-NDS","parl.Skup-11","","","","",""
"PirnatRajko1951","gov.VladaRS","gov.VladaRS-1","member","","","",""
"PirnatRajko1951","gov.MPURS","gov.VladaRS-1","head","","","",""
"PivecFranc1943","parl.DruzPolZb","parl.Skup-11","member","","","",""
"PivecFranc1943","pp.ZKS-SDP","parl.Skup-11","","","","",""
"PivecFranc1943","pp.SDP","parl.Skup-11","","","","",""
"PlesivcnikDrago1929","parl.DruzPolZb","parl.Skup-11","member","","","",""
"PlesivcnikDrago1929","pp.ZKS-SDP","parl.Skup-11","","","","",""
"PlesivcnikDrago1929","pp.SDP","parl.Skup-11","","","","",""
"PozarnikHubert1937","parl.DruzPolZb","parl.Skup-11","member","","","",""
"PozarnikHubert1937","pp.SDZ","parl.Skup-11","","","","",""
"PozarnikHubert1937","pp.ZS","parl.Skup-11","","","","",""
"PodobnikMarjan1960","parl.DruzPolZb","parl.Skup-11","member","","","",""
"PodobnikMarjan1960","pp.SKZ","parl.Skup-11","","","","",""
"PodobnikMarjan1960","pp.SLS","parl.Skup-11","","","","",""
"PolajnarIgnac1948","parl.DruzPolZb","parl.Skup-11","member","","","",""
"PolajnarIgnac1948","pp.SKD","parl.Skup-11","","","","",""
"PotočnikFranc1955","parl.DruzPolZb","parl.Skup-11","member","","","",""
"PotočnikFranc1955","pp.SKZ","parl.Skup-11","","","","",""
"PotočnikFranc1955","pp.SLS","parl.Skup-11","","","","",""
"PotrcMiran1938","parl.DruzPolZb","parl.Skup-11","member","","","",""
"PotrcMiran1938","pp.ZKS-SDP","parl.Skup-11","","","","",""
"PotrcMiran1938","pp.SDP","parl.Skup-11","","","","",""
"PozsonecMaria1940","parl.DruzPolZb","parl.Skup-11","member","","","",""
"PozsonecMaria1940","ns.madz","parl.Skup-11","","","","",""
"PregeljZarko1956","parl.DruzPolZb","parl.Skup-11","member","","","",""
"PregeljZarko1956","pp.ZS","parl.Skup-11","","","","",""
"PretnarAleksandra1953","parl.DruzPolZb","parl.Skup-11","member","","","",""
"PretnarAleksandra1953","pp.ZS","parl.Skup-11","","","","",""
"PucnikIvan1927","parl.DruzPolZb","parl.Skup-11","member","","","",""
"PucnikIvan1927","pp.SKZ","parl.Skup-11","","","","",""
"PucnikIvan1927","pp.SLS","parl.Skup-11","","","","",""
"PuklVitodrag1930","parl.DruzPolZb","parl.Skup-11","member","","","",""
"PuklVitodrag1930","pp.SDSS","parl.Skup-11","","","","",""
"RebercPeter1966","parl.DruzPolZb","parl.Skup-11","member","","","",""
"RebercPeter1966","pp.SKD","parl.Skup-11","","","","",""
"RejcIzidor1936","parl.DruzPolZb","parl.Skup-11","member","","","",""
"RejcIzidor1936","pp.SKD","parl.Skup-11","","","","",""
"RejcIzidor1936","gov.VladaRS","gov.VladaRS-1","member","","","",""
"RejcIzidor1936","gov.MIGRS","gov.VladaRS-1","head","","","",""
"RejcIzidor1936","pp.SKD","gov.VladaRS-1","","","","",""
"RibicicCiril1947","parl.DruzPolZb","parl.Skup-11","member","","","",""
"RibicicCiril1947","pp.ZKS-SDP","parl.Skup-11","","","","",""
"RibicicCiril1947","pp.SDP","parl.Skup-11","","","","",""
"SemolicDusan1947","parl.DruzPolZb","parl.Skup-11","member","","","",""
"SemolicDusan1947","pp.SZS","parl.Skup-11","","","","",""
"SemolicDusan1947","pp.SSS","parl.Skup-11","","","","",""
"SmoleJoze1927","parl.DruzPolZb","parl.Skup-11","member","","","",""
"SmoleJoze1927","pp.SZS","parl.Skup-11","","","","",""
"SmoleJoze1927","pp.SSS","parl.Skup-11","","","","",""
"SeligoRudi1935","parl.DruzPolZb","parl.Skup-11","member","","","",""
"SeligoRudi1935","pp.SDZ","parl.Skup-11","","","","",""
"SeligoRudi1935","pp.DS","parl.Skup-11","","","","",""
"SetincMile1956","parl.DruzPolZb","parl.Skup-11","member","","","",""
"SetincMile1956","pp.ZSMS","parl.Skup-11","","","","",""
"SetincMile1956","pp.LDS.1990","parl.Skup-11","","","","",""
"SeserkoLeo1948","parl.DruzPolZb","parl.Skup-11","member","","","",""
"SeserkoLeo1948","pp.ZS","parl.Skup-11","","","","",""
"SeserkoLeo1948","gov.VladaRS","gov.VladaRS-1","deputy","1990-05-16","1991-05-08","",""
"SeserkoLeo1948","pp.ZS","gov.VladaRS-1","","","","",""
"SinkovecMatjaz1951","parl.DruzPolZb","parl.Skup-11","member","1990-05-08","1992-07-22","","ZorzAndrej1963"
"SinkovecMatjaz1951","pp.SDSS","parl.Skup-11","","","","",""
"ZorzAndrej1963","parl.DruzPolZb","parl.Skup-11","member","1992-09-07","1992-12-23","SinkovecMatjaz1951",""
"ZorzAndrej1963","pp.SDSS","parl.Skup-11","","","","",""
"SkolcJozef1960","parl.DruzPolZb","parl.Skup-11","member","","","",""
"SkolcJozef1960","pp.ZSMS","parl.Skup-11","","","","",""
"SkolcJozef1960","pp.LDS.1990","parl.Skup-11","","","","",""
"SukljeBorut1958","parl.DruzPolZb","parl.Skup-11","member","","","",""
"SukljeBorut1958","pp.SZS","parl.Skup-11","","","","",""
"SukljeBorut1958","pp.SSS","parl.Skup-11","","","","",""
"SukljeBorut1958","gov.VladaRS","gov.VladaRS-2","member","","","",""
"SukljeBorut1958","gov.MKRS","gov.VladaRS-2","head","","","",""
"ThalerZoran1962","parl.DruzPolZb","parl.Skup-11","member","","","",""
"ThalerZoran1962","pp.ZSMS","parl.Skup-11","","","","",""
"ThalerZoran1962","pp.LDS.1990","parl.Skup-11","","","","",""
"TomazicAnton1950","parl.DruzPolZb","parl.Skup-11","member","","","",""
"TomazicAnton1950","pp.SDZ","parl.Skup-11","","","","",""
"TomazicAnton1950","pp.SDZ-NDS","parl.Skup-11","","","","",""
"TomseIvan1942","parl.DruzPolZb","parl.Skup-11","member","","","",""
"TomseIvan1942","pp.ZS","parl.Skup-11","","","","",""
"TomsicFrance1937","parl.DruzPolZb","parl.Skup-11","member","","","",""
"TomsicFrance1937","pp.SDSS","parl.Skup-11","","","","",""
"ToplakLudvik1942","parl.DruzPolZb","parl.Skup-11","member","","","",""
"ToplakLudvik1942","pp.SKZ","parl.Skup-11","","","","",""
"ToplakLudvik1942","pp.SLS","parl.Skup-11","","","","",""
"VaupoticBogomir1963","parl.DruzPolZb","parl.Skup-11","member","","","",""
"VaupoticBogomir1963","pp.ZSMS","parl.Skup-11","","","","",""
"VaupoticBogomir1963","pp.LDS.1990","parl.Skup-11","","","","",""
"VerlicAndrej","parl.DruzPolZb","parl.Skup-11","member","","","",""
"VerlicAndrej","pp.ZSMS","parl.Skup-11","","","","",""
"VerlicAndrej","pp.LDS.1990","parl.Skup-11","","","","",""
"VidovicZdenka","parl.DruzPolZb","parl.Skup-11","member","","","",""
"VidovicZdenka","pp.ZSMS","parl.Skup-11","","","","",""
"VidovicZdenka","pp.LDS.1990","parl.Skup-11","","","","",""
"VoljcBozidar1939","parl.DruzPolZb","parl.Skup-11","member","","","",""
"VoljcBozidar1939","pp.ZS","parl.Skup-11","","","","",""
"VoljcBozidar1939","gov.VladaRS","gov.VladaRS-1","member","1992-01-15","1992-05-14","BohKatja1929",""
"VoljcBozidar1939","gov.MZDSVRS","gov.VladaRS-1","head","1992-01-15","1992-05-14","BohKatja1929",""
"VoljcBozidar1939","gov.VladaRS","gov.VladaRS-2","member","","","",""
"VoljcBozidar1939","gov.MZDSVRS","gov.VladaRS-2","head","","","",""
"ZagozenFrance1942","parl.DruzPolZb","parl.Skup-11","member","","","",""
"ZagozenFrance1942","pp.SKZ","parl.Skup-11","","","","",""
"ZagozenFrance1942","pp.SLS","parl.Skup-11","","","","",""
"ZagarZvone","parl.DruzPolZb","parl.Skup-11","member","","","",""
"ZagarZvone","pp.LS","parl.Skup-11","","","","",""
"ZakeljViktor","parl.DruzPolZb","parl.Skup-11","member","","","",""
"ZakeljViktor","pp.SZS","parl.Skup-11","","","","",""
"ZakeljViktor","pp.SSS","parl.Skup-11","","","","",""
"ZakeljViktor","gov.VladaRS","gov.VladaRS-2","deputy","","","",""
"AtelsekIvan1928","parl.ZbObc","parl.Skup-11","member","","","",""
"AtelsekIvan1928","pp.ZSMS","parl.Skup-11","","","","",""
"AtelsekIvan1928","pp.LDS.1990","parl.Skup-11","","","","",""
"BevcStanislav1956","parl.ZbObc","parl.Skup-11","member","","","",""
"BevcStanislav1956","pp.SKZ","parl.Skup-11","","","","",""
"BevcStanislav1956","pp.SLS","parl.Skup-11","","","","",""
"BizjakIvan1956","parl.ZbObc","parl.Skup-11","member","","","",""
"BizjakIvan1956","pp.SKD","parl.Skup-11","","","","",""
"BozicDanijel1959","parl.ZbObc","parl.Skup-11","member","","","",""
"BozicDanijel1959","pp.ZSMS","parl.Skup-11","","","","",""
"BozicDanijel1959","pp.LDS.1990","parl.Skup-11","","","","",""
"BukovecJanos","parl.ZbObc","parl.Skup-11","member","","","",""
"BukovecJanos","ns.madz","parl.Skup-11","","","","",""
"BukovecJanos","pp.LDS.1990","parl.Skup-11","","","","",""
"CrnejJanez1935","parl.ZbObc","parl.Skup-11","member","","","",""
"CrnejJanez1935","pp.SDZ","parl.Skup-11","","","","",""
"CrnejJanez1935","pp.SDZ-NDS","parl.Skup-11","","","","",""
"DezelakJanko1945","parl.ZbObc","parl.Skup-11","member","","","",""
"DezelakJanko1945","pp.SKD","parl.Skup-11","","","","",""
"DragovanSlavko1961","parl.ZbObc","parl.Skup-11","member","","","",""
"DragovanSlavko1961","pp.SKZ","parl.Skup-11","","","","",""
"DragovanSlavko1961","pp.SLS","parl.Skup-11","","","","",""
"DvornikMarjan1949","parl.ZbObc","parl.Skup-11","member","","","",""
"DvornikMarjan1949","pp.SKD","parl.Skup-11","","","","",""
"FeltrinFranci1943","parl.ZbObc","parl.Skup-11","member","","","",""
"FeltrinFranci1943","pp.ZS","parl.Skup-11","","","1992-05","",""
"FeltrinFranci1943","pp.SLS","parl.Skup-11","","1992-05","","",""
"FlegoIsabella","parl.ZbObc","parl.Skup-11","member","","","",""
"FlegoIsabella","ns.ital","parl.Skup-11","","","","",""
"FrankoKarel1919","parl.ZbObc","parl.Skup-11","member","","","",""
"FrankoKarel1919","pp.SKZ","parl.Skup-11","","","","",""
"FrankoKarel1919","pp.SLS","parl.Skup-11","","","","",""
"FrelihLeopold1945","parl.ZbObc","parl.Skup-11","member","","","",""
"FrelihLeopold1945","pp.ZKS-SDP","parl.Skup-11","","","","",""
"FrelihLeopold1945","pp.SDP","parl.Skup-11","","","","",""
"GaleJanez1931","parl.ZbObc","parl.Skup-11","member","","","",""
"GaleJanez1931","pp.SDZ","parl.Skup-11","","","","",""
"GaleJanez1931","pp.DS","parl.Skup-11","","","","",""
"GlavicPeter1940","parl.ZbObc","parl.Skup-11","member","","","",""
"GlavicPeter1940","pp.ZSMS","parl.Skup-11","","","","",""
"GlavicPeter1940","pp.LDS.1990","parl.Skup-11","","","","",""
"GradisarCvetko1938","parl.ZbObc","parl.Skup-11","member","","","",""
"GradisarCvetko1938","pp.SDZ","parl.Skup-11","","","","",""
"GradisarCvetko1938","pp.DS","parl.Skup-11","","","","",""
"GrdadolnikJoze1927","parl.ZbObc","parl.Skup-11","member","","","",""
"GrdadolnikJoze1927","pp.SKD","parl.Skup-11","","","","",""
"GregurecSlavko1948","parl.ZbObc","parl.Skup-11","member","","","",""
"GregurecSlavko1948","pp.SKZ","parl.Skup-11","","","","",""
"GregurecSlavko1948","pp.SLS","parl.Skup-11","","","","",""
"GrosVitomir1942","parl.ZbObc","parl.Skup-11","member","","","",""
"GrosVitomir1942","pp.LS","parl.Skup-11","","","","",""
"GroseljLeopold1941","parl.ZbObc","parl.Skup-11","member","","","",""
"GroseljLeopold1941","pp.ZKS-SDP","parl.Skup-11","","","","",""
"GroseljLeopold1941","pp.SDP","parl.Skup-11","","","","",""
"IvanusicZvonko1959","parl.ZbObc","parl.Skup-11","member","","","",""
"IvanusicZvonko1959","pp.SKZ","parl.Skup-11","","","","",""
"IvanusicZvonko1959","pp.SLS","parl.Skup-11","","","","",""
"JakeljLjubo1949","parl.ZbObc","parl.Skup-11","member","","","",""
"JakeljLjubo1949","independet","parl.Skup-11","","","1992-05","",""
"JakeljLjubo1949","cl.DEMOS","parl.Skup-11","","1992-05","","",""
"JaklinJoze1952","parl.ZbObc","parl.Skup-11","member","","","",""
"JaklinJoze1952","pp.SKZ","parl.Skup-11","","","","",""
"JaklinJoze1952","pp.SLS","parl.Skup-11","","","","",""
"JamnikAlojz1963","parl.ZbObc","parl.Skup-11","member","","","",""
"JamnikAlojz1963","pp.SDZ","parl.Skup-11","","","","",""
"JamnikAlojz1963","pp.SDZ-NDS","parl.Skup-11","","","","",""
"JamnikarPeter1959","parl.ZbObc","parl.Skup-11","member","","","",""
"JamnikarPeter1959","pp.ZS","parl.Skup-11","","","","",""
"JezBoris1959","parl.ZbObc","parl.Skup-11","member","","","",""
"JezBoris1959","pp.SKZ","parl.Skup-11","","","","",""
"JezBoris1959","pp.SLS","parl.Skup-11","","","","",""
"JezMatjaz1947","parl.ZbObc","parl.Skup-11","member","","","",""
"JezMatjaz1947","pp.ZS","parl.Skup-11","","","","",""
"JerinaJanez","parl.ZbObc","parl.Skup-11","member","","","",""
"JerinaJanez","independet","parl.Skup-11","","","1992-05","",""
"JerinaJanez","cl.DEMOS","parl.Skup-11","","1992-05","","",""
"JugJanez1947","parl.ZbObc","parl.Skup-11","member","","","",""
"JugJanez1947","pp.ZSMS","parl.Skup-11","","","","",""
"JugJanez1947","pp.LDS.1990","parl.Skup-11","","","","",""
"JuriAurelio1949","parl.ZbObc","parl.Skup-11","member","","","",""
"JuriAurelio1949","ns.ital","parl.Skup-11","","","","",""
"JuriAurelio1949","pp.ZKS-SDP","parl.Skup-11","","","","",""
"JuriAurelio1949","pp.SDP","parl.Skup-11","","","","",""
"KacAlbin","parl.ZbObc","parl.Skup-11","member","","","",""
"KacAlbin","pp.ZSMS","parl.Skup-11","","","","",""
"KacAlbin","pp.LDS.1990","parl.Skup-11","","","","",""
"KlavoraFedja1940","parl.ZbObc","parl.Skup-11","member","","","",""
"KlavoraFedja1940","pp.ZS","parl.Skup-11","","","","",""
"KokosinekErvin","parl.ZbObc","parl.Skup-11","member","","","",""
"KokosinekErvin","pp.SDSS","parl.Skup-11","","","","",""
"KotnikLudvik","parl.ZbObc","parl.Skup-11","member","","","",""
"KotnikLudvik","pp.ZS","parl.Skup-11","","","","",""
"KovacFranc","parl.ZbObc","parl.Skup-11","member","","","",""
"KovacFranc","pp.SDZ","parl.Skup-11","","","","",""
"KovacFranc","pp.SDZ-NDS","parl.Skup-11","","","","",""
"KramaricTone1947","parl.ZbObc","parl.Skup-11","member","","","",""
"KramaricTone1947","pp.SDZ","parl.Skup-11","","","","",""
"KramaricTone1947","pp.DS","parl.Skup-11","","","","",""
"KrambergerJanez1961","parl.ZbObc","parl.Skup-11","member","","","",""
"KrambergerJanez1961","pp.SKZ","parl.Skup-11","","","","",""
"KrambergerJanez1961","pp.SLS","parl.Skup-11","","","","",""
"KramarJoze1963","parl.ZbObc","parl.Skup-11","member","","","",""
"KramarJoze1963","pp.ZSMS","parl.Skup-11","","","","",""
"KramarJoze1963","pp.LDS.1990","parl.Skup-11","","","","",""
"KuharIvan1945","parl.ZbObc","parl.Skup-11","member","","","",""
"KuharIvan1945","pp.SZS","parl.Skup-11","","","","",""
"KuharIvan1945","pp.SSS","parl.Skup-11","","","","",""
"KuzmanAnton","parl.ZbObc","parl.Skup-11","member","","","",""
"KuzmanAnton","pp.SKZ","parl.Skup-11","","","","",""
"KuzmanAnton","pp.SLS","parl.Skup-11","","","","",""
"LovecAleksander1942","parl.ZbObc","parl.Skup-11","member","","","",""
"LovecAleksander1942","pp.ZSMS","parl.Skup-11","","","","",""
"LovecAleksander1942","pp.LDS.1990","parl.Skup-11","","","","",""
"LovsinFranc","parl.ZbObc","parl.Skup-11","member","","","",""
"LovsinFranc","pp.SKD","parl.Skup-11","","","1992-05","",""
"LovsinFranc","pp.GOD","parl.Skup-11","","1992-05","","",""
"LukacJanez1931","parl.ZbObc","parl.Skup-11","member","","","",""
"LukacJanez1931","pp.SZS","parl.Skup-11","","","","",""
"LukacJanez1931","pp.SLS","parl.Skup-11","","","","",""
"MencingerAvgustin1938","parl.ZbObc","parl.Skup-11","member","","","",""
"MencingerAvgustin1938","pp.SKD","parl.Skup-11","","","","",""
"MesicekIvan1933","parl.ZbObc","parl.Skup-11","member","","","",""
"MesicekIvan1933","pp.SKD","parl.Skup-11","","","","",""
"MetelkoAlojz1940","parl.ZbObc","parl.Skup-11","member","","","",""
"MetelkoAlojz1940","pp.SKZ","parl.Skup-11","","","","",""
"MetelkoAlojz1940","pp.SLS","parl.Skup-11","","","","",""
"MlakerMarjan1945","parl.ZbObc","parl.Skup-11","member","","","",""
"MlakerMarjan1945","pp.SDZ","parl.Skup-11","","","","",""
"MlakerMarjan1945","pp.DS","parl.Skup-11","","","","",""
"NovakBranko1938","parl.ZbObc","parl.Skup-11","member","","","",""
"NovakBranko1938","pp.ZS","parl.Skup-11","","","","",""
"OgrisFranc","parl.ZbObc","parl.Skup-11","member","","","",""
"OgrisFranc","pp.SKD","parl.Skup-11","","","","",""
"OvenEdvard1950","parl.ZbObc","parl.Skup-11","member","","","",""
"OvenEdvard1950","pp.ZSMS","parl.Skup-11","","","","",""
"OvenEdvard1950","pp.LDS.1990","parl.Skup-11","","","","",""
"PartljicAnton1940","parl.ZbObc","parl.Skup-11","member","","","",""
"PartljicAnton1940","pp.ZSMS","parl.Skup-11","","","","",""
"PartljicAnton1940","pp.LDS.1990","parl.Skup-11","","","","",""
"PavsicTomaz1931","parl.ZbObc","parl.Skup-11","member","","","",""
"PavsicTomaz1931","pp.SDZ","parl.Skup-11","","","","",""
"PavsicTomaz1931","pp.SDZ-NDS","parl.Skup-11","","","","",""
"PeskarMatjaz1963","parl.ZbObc","parl.Skup-11","member","","","",""
"PeskarMatjaz1963","pp.ZSMS","parl.Skup-11","","","","",""
"PeskarMatjaz1963","pp.LDS.1990","parl.Skup-11","","","","",""
"PlaninsekFranc1957","parl.ZbObc","parl.Skup-11","member","","","",""
"PlaninsekFranc1957","pp.SKZ","parl.Skup-11","","","","",""
"PlaninsekFranc1957","pp.SLS","parl.Skup-11","","","","",""
"PodversicBruno1926","parl.ZbObc","parl.Skup-11","member","","","",""
"PodversicBruno1926","pp.SKZ","parl.Skup-11","","","","",""
"PodversicBruno1926","pp.SLS","parl.Skup-11","","","","",""
"PotocnikViktorija1957","parl.ZbObc","parl.Skup-11","member","","","",""
"PotocnikViktorija1957","pp.ZSMS","parl.Skup-11","","","","",""
"PotocnikViktorija1957","pp.LDS.1990","parl.Skup-11","","","","",""
"ProtnerJoze1944","parl.ZbObc","parl.Skup-11","member","","","",""
"ProtnerJoze1944","pp.ZSMS","parl.Skup-11","","","","",""
"ProtnerJoze1944","pp.LDS.1990","parl.Skup-11","","","","",""
"ProtnerJoze1944","gov.VladaRS","gov.VladaRS-2","member","","","",""
"ProtnerJoze1944","gov.MKGPRS","gov.VladaRS-2","head","","","",""
"RainerNiko","parl.ZbObc","parl.Skup-11","member","","","",""
"RainerNiko","pp.SDZ","parl.Skup-11","","","","",""
"RainerNiko","pp.DS","parl.Skup-11","","","","",""
"RazdevsekBorut1961","parl.ZbObc","parl.Skup-11","member","","","",""
"RazdevsekBorut1961","pp.ZSMS","parl.Skup-11","","","","",""
"RazdevsekBorut1961","pp.LDS.1990","parl.Skup-11","","","","",""
"RezunJanez","parl.ZbObc","parl.Skup-11","member","","","",""
"RezunJanez","pp.ZSMS","parl.Skup-11","","","","",""
"RezunJanez","pp.LDS.1990","parl.Skup-11","","","","",""
"RojecAnton1937","parl.ZbObc","parl.Skup-11","member","","","",""
"RojecAnton1937","pp.SDSS","parl.Skup-11","","","","",""
"SchwartzbartlErvin1940","parl.ZbObc","parl.Skup-11","member","","","",""
"SchwartzbartlErvin1940","pp.SKD","parl.Skup-11","","","","",""
"SencurMilos1957","parl.ZbObc","parl.Skup-11","member","","","",""
"SencurMilos1957","pp.SZS","parl.Skup-11","","","","",""
"SencurMilos1957","pp.SSS","parl.Skup-11","","","","",""
"SlejkoVladimir","parl.ZbObc","parl.Skup-11","member","","","",""
"SlejkoVladimir","pp.ZSMS","parl.Skup-11","","","","",""
"SlejkoVladimir","pp.LDS.1990","parl.Skup-11","","","","",""
"StadlerMarko","parl.ZbObc","parl.Skup-11","member","","","",""
"StadlerMarko","pp.SKZ","parl.Skup-11","","","","",""
"StadlerMarko","pp.SLS","parl.Skup-11","","","","",""
"StarihaJanez1944","parl.ZbObc","parl.Skup-11","member","","","",""
"StarihaJanez1944","pp.SDZ","parl.Skup-11","","","","",""
"StarihaJanez1944","pp.SDZ-NDS","parl.Skup-11","","","","",""
"StarmanDanijel1940","parl.ZbObc","parl.Skup-11","member","","","",""
"StarmanDanijel1940","cl.DEMOS","parl.Skup-11","","","","",""
"SoncMetod1938","parl.ZbObc","parl.Skup-11","member","","","",""
"SoncMetod1938","pp.SDSS","parl.Skup-11","","","","",""
"StefancicMarcel1937","parl.ZbObc","parl.Skup-11","member","","","",""
"StefancicMarcel1937","pp.SDZ","parl.Skup-11","","","","",""
"StefancicMarcel1937","cl.DEMOS","parl.Skup-11","","1991-10-13","","",""
"StrumbeljTomaz1961","parl.ZbObc","parl.Skup-11","member","","","",""
"StrumbeljTomaz1961","pp.ZSMS","parl.Skup-11","","","","",""
"StrumbeljTomaz1961","pp.LDS.1990","parl.Skup-11","","","","",""
"StularVojka1946","parl.ZbObc","parl.Skup-11","member","","","",""
"StularVojka1946","pp.ZKS-SDP","parl.Skup-11","","","","",""
"StularVojka1946","pp.SDP","parl.Skup-11","","","","",""
"UrbancicMilos","parl.ZbObc","parl.Skup-11","member","","","",""
"UrbancicMilos","pp.SKZ","parl.Skup-11","","","","",""
"UrbancicMilos","pp.SLS","parl.Skup-11","","","","",""
"VivodIvan1926","parl.ZbObc","parl.Skup-11","member","","","",""
"VivodIvan1926","pp.SDSS","parl.Skup-11","","","","",""
"VodopivecIvan","parl.ZbObc","parl.Skup-11","member","","","",""
"VodopivecIvan","pp.SZS","parl.Skup-11","","","","",""
"VodopivecIvan","pp.SSS","parl.Skup-11","","","","",""
"VovkMilan1956","parl.ZbObc","parl.Skup-11","member","","","",""
"VovkMilan1956","pp.ZS","parl.Skup-11","","","","",""
"ZakonjsekJoze1925","parl.ZbObc","parl.Skup-11","member","","","",""
"ZakonjsekJoze1925","pp.ZSMS","parl.Skup-11","","","","",""
"ZakonjsekJoze1925","pp.LDS.1990","parl.Skup-11","","","","",""
"ZampaJanez1929","parl.ZbObc","parl.Skup-11","member","","","",""
"ZampaJanez1929","pp.SKZ","parl.Skup-11","","","","",""
"ZampaJanez1929","pp.SLS","parl.Skup-11","","","","",""
"ZeleznikAndrej1944","parl.ZbObc","parl.Skup-11","member","","","",""
"ZeleznikAndrej1944","pp.ZKS-SDP","parl.Skup-11","","","","",""
"ZeleznikAndrej1944","pp.SDP","parl.Skup-11","","","","",""
"ZizekVili1935","parl.ZbObc","parl.Skup-11","member","","","",""
"ZizekVili1935","pp.ZS","parl.Skup-11","","","","",""
"ZunterAnton1949","parl.ZbObc","parl.Skup-11","member","","","",""
"ZunterAnton1949","pp.SDZ","parl.Skup-11","","","","",""
"ZunterAnton1949","pp.SDZ-NDS","parl.Skup-11","","","","",""
"AhcanNevenka1950","parl.ZbZdruDel","parl.Skup-11","member","","","",""
"AhcanNevenka1950","pp.ZKS-SDP","parl.Skup-11","","","","",""
"AhcanNevenka1950","pp.SDP","parl.Skup-11","","","","",""
"AksentijevicMilan1935","parl.ZbZdruDel","parl.Skup-11","member","1990-05-08","1991-08-28","",""
"AksentijevicMilan1935","independet","parl.Skup-11","","","","",""
"ArzensekJoze1942","parl.ZbZdruDel","parl.Skup-11","member","","","",""
"ArzensekJoze1942","independet","parl.Skup-11","","","","",""
"AvbersekFranc1947","parl.ZbZdruDel","parl.Skup-11","member","","","",""
"AvbersekFranc1947","independet","parl.Skup-11","","","","",""
"AvbersekFranc1947","gov.VladaRS","gov.VladaRS-2","member","","","",""
"AvbersekFranc1947","gov.MERS","gov.VladaRS-2","head","","","",""
"BanFranc1938","parl.ZbZdruDel","parl.Skup-11","member","","","",""
"BanFranc1938","pp.ZKS-SDP","parl.Skup-11","","","","",""
"BanFranc1938","pp.SDP","parl.Skup-11","","","","",""
"BasinDanilo1943","parl.ZbZdruDel","parl.Skup-11","member","","","",""
"BasinDanilo1943","pp.ZKS-SDP","parl.Skup-11","","","","",""
"BasinDanilo1943","pp.SDP","parl.Skup-11","","","","",""
"BaumanMihaela1962","parl.ZbZdruDel","parl.Skup-11","member","","","",""
"BaumanMihaela1962","pp.ZSMS","parl.Skup-11","","","","",""
"BaumanMihaela1962","pp.LDS.1990","parl.Skup-11","","","","",""
"BerdajsSilvo1961","parl.ZbZdruDel","parl.Skup-11","member","","","",""
"BerdajsSilvo1961","pp.SDSS","parl.Skup-11","","","","",""
"BerlecJoze1949","parl.ZbZdruDel","parl.Skup-11","member","","","",""
"BerlecJoze1949","pp.SKD","parl.Skup-11","","","","",""
"BizjakDavorin1938","parl.ZbZdruDel","parl.Skup-11","member","","","",""
"BizjakDavorin1938","pp.ZKS-SDP","parl.Skup-11","","","","",""
"BizjakDavorin1938","pp.SDP","parl.Skup-11","","","","",""
"BolicMuharem1936","parl.ZbZdruDel","parl.Skup-11","member","","","",""
"BolicMuharem1936","pp.ZKS-SDP","parl.Skup-11","","","","",""
"BolicMuharem1936","pp.SDP","parl.Skup-11","","","","",""
"BostjancicFranc1935","parl.ZbZdruDel","parl.Skup-11","member","","","",""
"BostjancicFranc1935","pp.ZSMS","parl.Skup-11","","","","",""
"BostjancicFranc1935","pp.LDS.1990","parl.Skup-11","","","","",""
"BrglezStanislav1936","parl.ZbZdruDel","parl.Skup-11","member","","","",""
"BrglezStanislav1936","independet","parl.Skup-11","","","","",""
"DaneuIvo1937","parl.ZbZdruDel","parl.Skup-11","member","","","",""
"DaneuIvo1937","pp.SZS","parl.Skup-11","","","","",""
"DaneuIvo1937","pp.SSS","parl.Skup-11","","","","",""
"DomioMarino1950","parl.ZbZdruDel","parl.Skup-11","member","","","",""
"DomioMarino1950","pp.ZKS-SDP","parl.Skup-11","","","","",""
"DomioMarino1950","pp.SDP","parl.Skup-11","","","","",""
"DomioMarino1950","ns.ital","parl.Skup-11","","","","",""
"DrameLeopold1935","parl.ZbZdruDel","parl.Skup-11","member","","","",""
"DrameLeopold1935","independet","parl.Skup-11","","","","",""
"DrcaVinko1960","parl.ZbZdruDel","parl.Skup-11","member","","","",""
"DrcaVinko1960","pp.SKZ","parl.Skup-11","","","","",""
"DrcaVinko1960","pp.SLS","parl.Skup-11","","","","",""
"DretnikIvan1921","parl.ZbZdruDel","parl.Skup-11","member","","","",""
"DretnikIvan1921","pp.SKZ","parl.Skup-11","","","","",""
"DretnikIvan1921","pp.SLS","parl.Skup-11","","","","",""
"DularTanja1961","parl.ZbZdruDel","parl.Skup-11","member","","","",""
"DularTanja1961","pp.ZSMS","parl.Skup-11","","","","",""
"DularTanja1961","pp.LDS.1990","parl.Skup-11","","","","",""
"ErceFranc1951","parl.ZbZdruDel","parl.Skup-11","member","","","",""
"ErceFranc1951","pp.SKD","parl.Skup-11","","","","",""
"ErzenStanislav1948","parl.ZbZdruDel","parl.Skup-11","member","","","",""
"ErzenStanislav1948","pp.SDSS","parl.Skup-11","","","","",""
"FurlanJoze1940","parl.ZbZdruDel","parl.Skup-11","member","","","",""
"FurlanJoze1940","pp.ZKS-SDP","parl.Skup-11","","","","",""
"FurlanJoze1940","pp.SDP","parl.Skup-11","","","","",""
"GacnikFranc1934","parl.ZbZdruDel","parl.Skup-11","member","","","",""
"GacnikFranc1934","pp.ZKS-SDP","parl.Skup-11","","","","",""
"GacnikFranc1934","pp.SDP","parl.Skup-11","","","","",""
"GradisarFranc1945","parl.ZbZdruDel","parl.Skup-11","member","","","",""
"GradisarFranc1945","independet","parl.Skup-11","","","","",""
"GrasicFranc1941","parl.ZbZdruDel","parl.Skup-11","member","","","",""
"GrasicFranc1941","independet","parl.Skup-11","","","","",""
"GumilarLudvik1937","parl.ZbZdruDel","parl.Skup-11","member","","","",""
"GumilarLudvik1937","pp.ZKS-SDP","parl.Skup-11","","","","",""
"GumilarLudvik1937","pp.SDP","parl.Skup-11","","","","",""
"HorvatAnton1960","parl.ZbZdruDel","parl.Skup-11","member","","","",""
"HorvatAnton1960","pp.SKZ","parl.Skup-11","","","","",""
"HorvatAnton1960","pp.SLS","parl.Skup-11","","","","",""
"IskraJanez1940","parl.ZbZdruDel","parl.Skup-11","member","","","",""
"IskraJanez1940","pp.SKD","parl.Skup-11","","","","",""
"JakicRoman1967","parl.ZbZdruDel","parl.Skup-11","member","","","",""
"JakicRoman1967","pp.ZSMS","parl.Skup-11","","","","",""
"JakicRoman1967","pp.LDS.1990","parl.Skup-11","","","","",""
"JaklicMarko1930","parl.ZbZdruDel","parl.Skup-11","member","","","",""
"JaklicMarko1930","pp.SKD","parl.Skup-11","","","","",""
"KeberIrena1947","parl.ZbZdruDel","parl.Skup-11","member","","","",""
"KeberIrena1947","pp.SDZ","parl.Skup-11","","","","",""
"KeberIrena1947","pp.DS","parl.Skup-11","","","","",""
"KocevarBozo1939","parl.ZbZdruDel","parl.Skup-11","member","","","",""
"KocevarBozo1939","independet","parl.Skup-11","","","","",""
"KosakJoze1958","parl.ZbZdruDel","parl.Skup-11","member","","","",""
"KosakJoze1958","pp.SKZ","parl.Skup-11","","","","",""
"KosakJoze1958","pp.SLS","parl.Skup-11","","","","",""
"KovacicBostjan1950","parl.ZbZdruDel","parl.Skup-11","member","","","",""
"KovacicBostjan1950","pp.ZSMS","parl.Skup-11","","","","",""
"KovacicBostjan1950","pp.LDS.1990","parl.Skup-11","","","","",""
"KrajecMirko1954","parl.ZbZdruDel","parl.Skup-11","member","","","",""
"KrajecMirko1954","pp.SKZ","parl.Skup-11","","","","",""
"KrajecMirko1954","pp.SLS","parl.Skup-11","","","","",""
"KranerPeter1952","parl.ZbZdruDel","parl.Skup-11","member","","","",""
"KranerPeter1952","pp.SKZ","parl.Skup-11","","","","",""
"KranerPeter1952","pp.SLS","parl.Skup-11","","","","",""
"LedinekPavel1939","parl.ZbZdruDel","parl.Skup-11","member","","","",""
"LedinekPavel1939","independet","parl.Skup-11","","","","",""
"LoncarMarija1947","parl.ZbZdruDel","parl.Skup-11","member","","","",""
"LoncarMarija1947","pp.SDSS","parl.Skup-11","","","","",""
"LovrencicFranc1946","parl.ZbZdruDel","parl.Skup-11","member","","","",""
"LovrencicFranc1946","pp.SZS","parl.Skup-11","","","","",""
"LovrencicFranc1946","pp.SSS","parl.Skup-11","","","","",""
"MakViljem1937","parl.ZbZdruDel","parl.Skup-11","member","","","",""
"MakViljem1937","pp.SDSS","parl.Skup-11","","","","",""
"MogeRudi1944","parl.ZbZdruDel","parl.Skup-11","member","","","",""
"MogeRudi1944","pp.ZSMS","parl.Skup-11","","","","",""
"MogeRudi1944","pp.LDS.1990","parl.Skup-11","","","","",""
"MikusDimitrij1927","parl.ZbZdruDel","parl.Skup-11","member","","1991-04","",""
"MurenAndrej1953","parl.ZbZdruDel","parl.Skup-11","member","","","",""
"MurenAndrej1953","pp.SDSS","parl.Skup-11","","","","",""
"MurkoDejan1967","parl.ZbZdruDel","parl.Skup-11","member","","","",""
"MurkoDejan1967","independet","parl.Skup-11","","","","",""
"OblakMajda1946","parl.ZbZdruDel","parl.Skup-11","member","","","",""
"OblakMajda1946","pp.ZKS-SDP","parl.Skup-11","","","","",""
"OblakMajda1946","pp.SDP","parl.Skup-11","","","","",""
"OstermanAnka1940","parl.ZbZdruDel","parl.Skup-11","member","","","",""
"OstermanAnka1940","pp.ZKS-SDP","parl.Skup-11","","","","",""
"OstermanAnka1940","pp.SDP","parl.Skup-11","","","","",""
"OstermanAnka1940","gov.VladaRS","gov.VladaRS-2","member","","","",""
"OstermanAnka1940","gov.MBVIRS","gov.VladaRS-2","head","","","",""
"PerkoFranc1942","parl.ZbZdruDel","parl.Skup-11","member","","","",""
"PerkoFranc1942","independet","parl.Skup-11","","","","",""
"PersoljaDejan1946","parl.ZbZdruDel","parl.Skup-11","member","","","",""
"PersoljaDejan1946","pp.SKZ","parl.Skup-11","","","","",""
"PersoljaDejan1946","pp.SLS","parl.Skup-11","","","","",""
"PirsJurij1939","parl.ZbZdruDel","parl.Skup-11","member","","","",""
"PirsJurij1939","independet","parl.Skup-11","","","","",""
"PrelovecValentin1934","parl.ZbZdruDel","parl.Skup-11","member","","","",""
"PrelovecValentin1934","pp.SDSS","parl.Skup-11","","","","",""
"PreserenTatjana1954","parl.ZbZdruDel","parl.Skup-11","member","","","",""
"PreserenTatjana1954","pp.ZKS-SDP","parl.Skup-11","","","","",""
"PreserenTatjana1954","pp.SDP","parl.Skup-11","","","","",""
"PucVlado1941","parl.ZbZdruDel","parl.Skup-11","member","","","",""
"PucVlado1941","pp.SDZ","parl.Skup-11","","","","",""
"PucVlado1941","pp.DS","parl.Skup-11","","","","",""
"PusnikJozef1951","parl.ZbZdruDel","parl.Skup-11","member","","","",""
"PusnikJozef1951","pp.SDSS","parl.Skup-11","","","","",""
"RemskarJanez1947","parl.ZbZdruDel","parl.Skup-11","member","","","",""
"RemskarJanez1947","pp.SKD","parl.Skup-11","","","","",""
"RodePrimoz1942","parl.ZbZdruDel","parl.Skup-11","member","","","",""
"RodePrimoz1942","pp.SDZ","parl.Skup-11","","","","",""
"RodePrimoz1942","pp.SDZ-NDS","parl.Skup-11","","","","",""
"RoginaBogo1947","parl.ZbZdruDel","parl.Skup-11","member","","","",""
"RoginaBogo1947","pp.SOPS","parl.Skup-11","","","1992-05","",""
"RoginaBogo1947","independet","parl.Skup-11","","1992-05","","",""
"RudolfFrancek1944","parl.ZbZdruDel","parl.Skup-11","member","","","",""
"RudolfFrancek1944","pp.SDZ","parl.Skup-11","","","","",""
"RudolfFrancek1944","pp.DS","parl.Skup-11","","","","",""
"SagadinVlasta1957","parl.ZbZdruDel","parl.Skup-11","member","","","",""
"SagadinVlasta1957","pp.ZS","parl.Skup-11","","","","",""
"SekeresVilijem1939","parl.ZbZdruDel","parl.Skup-11","member","","","",""
"SekeresVilijem1939","pp.ZKS-SDP","parl.Skup-11","","","","",""
"SekeresVilijem1939","pp.SDP","parl.Skup-11","","","","",""
"SekeresVilijem1939","ns.madz","parl.Skup-11","","","","",""
"SlapernikAnton1937","parl.ZbZdruDel","parl.Skup-11","member","","","",""
"SlapernikAnton1937","independet","parl.Skup-11","","","","",""
"SlokanMajda1955","parl.ZbZdruDel","parl.Skup-11","member","","","",""
"SlokanMajda1955","independet","parl.Skup-11","","","","",""
"SmoleJoze1955","parl.ZbZdruDel","parl.Skup-11","member","","","",""
"SmoleJoze1955","independet","parl.Skup-11","","","","",""
"StarcMarjan1942","parl.ZbZdruDel","parl.Skup-11","member","","","",""
"StarcMarjan1942","cl.DEMOS","parl.Skup-11","","","","",""
"StarcPeter1943","parl.ZbZdruDel","parl.Skup-11","member","","","",""
"StarcPeter1943","pp.ZKS-SDP","parl.Skup-11","","","","",""
"StarcPeter1943","pp.SDP","parl.Skup-11","","","","",""
"StudencnikJoze1956","parl.ZbZdruDel","parl.Skup-11","member","","","",""
"StudencnikJoze1956","pp.SDSS","parl.Skup-11","","","","",""
"SkofMatija1947","parl.ZbZdruDel","parl.Skup-11","member","","","",""
"SkofMatija1947","independet","parl.Skup-11","","","","",""
"SterAndrej1958","parl.ZbZdruDel","parl.Skup-11","member","","","",""
"SterAndrej1958","pp.SDZ","parl.Skup-11","","","","",""
"SterAndrej1958","pp.SDZ-NDS","parl.Skup-11","","","","",""
"StrucDrago1940","parl.ZbZdruDel","parl.Skup-11","member","","","",""
"StrucDrago1940","independet","parl.Skup-11","","","","",""
"StularJanez1941","parl.ZbZdruDel","parl.Skup-11","member","","","",""
"StularJanez1941","pp.SKZ","parl.Skup-11","","","","",""
"StularJanez1941","pp.SLS","parl.Skup-11","","","","",""
"ToplekDanilo1952","parl.ZbZdruDel","parl.Skup-11","member","","","",""
"ToplekDanilo1952","pp.ZKS-SDP","parl.Skup-11","","","","",""
"ToplekDanilo1952","pp.SDP","parl.Skup-11","","","","",""
"VeselinovicDrasko1959","parl.ZbZdruDel","parl.Skup-11","member","","","",""
"VeselinovicDrasko1959","pp.ZSMS","parl.Skup-11","","","","",""
"VeselinovicDrasko1959","pp.LDS.1990","parl.Skup-11","","","","",""
"VilfanMarjan1931","parl.ZbZdruDel","parl.Skup-11","member","","","",""
"VilfanMarjan1931","pp.SDSS","parl.Skup-11","","","","",""
"VukovicKarel1942","parl.ZbZdruDel","parl.Skup-11","member","","","",""
"VukovicKarel1942","pp.ZKS-SDP","parl.Skup-11","","","","",""
"VukovicKarel1942","pp.SDP","parl.Skup-11","","","","",""
"ZabukovecZdravko1940","parl.ZbZdruDel","parl.Skup-11","member","","","",""
"ZabukovecZdravko1940","independet","parl.Skup-11","","","","",""
"ZalarFranc1951","parl.ZbZdruDel","parl.Skup-11","member","","","",""
"ZalarFranc1951","pp.ZKS-SDP","parl.Skup-11","","","","",""
"ZalarFranc1951","pp.SDP","parl.Skup-11","","","","",""
"ZlobecJasaL1951","parl.ZbZdruDel","parl.Skup-11","member","","","",""
"ZlobecJasaL1951","pp.ZSMS","parl.Skup-11","","","","",""
"ZlobecJasaL1951","pp.LDS.1990","parl.Skup-11","","","","",""
"ZupancBarbara1963","parl.ZbZdruDel","parl.Skup-11","member","","","",""
"ZupancBarbara1963","pp.ZSMS","parl.Skup-11","","","","",""
"ZupancBarbara1963","pp.LDS.1990","parl.Skup-11","","","","",""
"ZupancicJoze1936","parl.ZbZdruDel","parl.Skup-11","member","","","",""
"ZupancicJoze1936","independet","parl.Skup-11","","","","",""
"ZerovnikAngelca1944","parl.ZbZdruDel","parl.Skup-11","member","","","",""
"ZerovnikAngelca1944","pp.SKD","parl.Skup-11","","","","",""
"ZidanikAnton1942","parl.ZbZdruDel","parl.Skup-11","member","","","",""
"ZidanikAnton1942","pp.SZS","parl.Skup-11","","","","",""
"ZidanikAnton1942","pp.SSS","parl.Skup-11","","","","",""
"AhcanSonja","gov.MVOUPRS","gov.VladaRS-1","member","","","",""
"BajecPrimoz","gov.MVOUPRS","gov.VladaRS-1","member","","","",""
"BarlicJelka","gov.MTRS","gov.VladaRS-1","member","","","",""
"BarlicJelka","gov.MTRS","gov.VladaRS-2","member","","","",""
"BaskovicCiril","gov.MZTRS","gov.VladaRS-1","member","","","",""
"BeceleMira","gov.MVOUPRS","gov.VladaRS-1","member","","","",""
"BelopavlovicNatasa1949","gov.MDRS","gov.VladaRS-1","member","","","",""
"BelopavlovicNatasa1949","gov.MDRS","gov.VladaRS-2","member","","","",""
"BerceleMira","gov.MVOUPRS","gov.VladaRS-1","member","","","",""
"BezovsekMarija","gov.MTGRS","gov.VladaRS-1","member","","","",""
"BitencIvan","gov.MŠŠRS","gov.VladaRS-1","member","","","",""
"BitencMira","gov.MŠŠRS","gov.VladaRS-1","member","","","",""
"BizjakZoran","gov.MŠŠRS","gov.VladaRS-1","member","","","",""
"BogatajMiran1948","gov.MORS","gov.VladaRS-1","member","","","",""
"BojnecStefan","gov.MKGPRS","gov.VladaRS-1","member","","","",""
"BorakNeven1954","gov.VladaRS","gov.VladaRS-2","","","","",""
"BrackoBranko","gov.MNZRS","gov.VladaRS-1","member","","","",""
"BreznikJanez","gov.MPURS","gov.VladaRS-1","member","","","",""
"BreckoMilan","gov.MPZRS","gov.VladaRS-1","member","","","",""
"BriceljMitja","gov.MVOUPRS","gov.VladaRS-1","member","","","",""
"BriskiAndrej","gov.MPLRS","gov.VladaRS-1","member","","","",""
"BrvarAndrej","gov.MNZRS","gov.VladaRS-1","member","","","",""
"BrvarBogomil","gov.MNZRS","gov.VladaRS-1","member","","","",""
"BrvarBogomil","gov.MNZRS","gov.VladaRS-2","member","","","",""
"CehovinStane","gov.MŠŠRS","gov.VladaRS-1","member","","","",""
"DebelakSlavko","gov.MNZRS","gov.VladaRS-1","member","","","",""
"DebeljakStanko","gov.MFRS","gov.VladaRS-1","member","","","",""
"DebeljakStanko","gov.MFRS","gov.VladaRS-2","member","","","",""
"DebevecAlbin","gov.MKGPRS","gov.VladaRS-1","member","","","",""
"DebevecAlbin","gov.MKGPRS","gov.VladaRS-2","member","","","",""
"DebevecStokMeta","gov.MDRS","gov.VladaRS-1","member","","","",""
"DebevecStokMeta","gov.MDRS","gov.VladaRS-2","member","","","",""
"DejanVladimir","gov.MBVIRS","gov.VladaRS-1","member","","","",""
"DejanVladimir","gov.MBVIRS","gov.VladaRS-2","member","","","",""
"DiacciIvan","gov.MIGRS","gov.VladaRS-2","member","","","",""
"DobravcTatalovicIrena","gov.MMGRS","gov.VladaRS-1","member","","","",""
"DolencBojan","gov.MŠŠRS","gov.VladaRS-1","member","","","",""
"DolencFranc","gov.MZDSVRS","gov.VladaRS-1","member","","","",""
"DrakslerZvonko","gov.MFRS","gov.VladaRS-1","member","","","",""
"DrazicSonja","gov.MZDSVRS","gov.VladaRS-1","member","","","",""
"DrofenikJozef","gov.MZZRS","gov.VladaRS-2","member","","","",""
"DularJoze","gov.MKGPRS","gov.VladaRS-2","member","","","",""
"EngelmanAndrej","gov.MFRS","gov.VladaRS-1","member","","","",""
"FabcicMirko","gov.MIRS","gov.VladaRS-1","member","","","",""
"FabcicMirko","gov.MIRS","gov.VladaRS-2","member","","","",""
"FalknerJoze","gov.MKGPRS","gov.VladaRS-1","member","","","",""
"FapcicMirko","gov.MIRS","gov.VladaRS-2","member","","","",""
"FaturDusan","gov.MPZRS","gov.VladaRS-2","member","","","",""
"FerlezMarija","gov.MFRS","gov.VladaRS-1","member","","","",""
"FerlezMarija","gov.MFRS","gov.VladaRS-2","member","","","",""
"GraselliAndrej","gov.MZZRS","gov.VladaRS-1","member","","","",""
"GubensekJoze","gov.MIGRS","gov.VladaRS-2","member","","","",""
"HocevarDusan","gov.MFRS","gov.VladaRS-2","member","","","",""
"ImperlFranc","gov.MZDSVRS","gov.VladaRS-1","member","","","",""
"ImperlFranc","gov.MZDSVRS","gov.VladaRS-2","member","","","",""
"JakseMartin","gov.MFRS","gov.VladaRS-1","member","","","",""
"JerkicMaver","gov.MVOUPRS","gov.VladaRS-1","member","","","",""
"JurjecDarja","gov.MKRS","gov.VladaRS-1","member","","","",""
"JusMiran","gov.MZZRS","gov.VladaRS-1","member","","","",""
"KadovsekRoman","gov.MTRS","gov.VladaRS-1","member","","","",""
"KisovecJasna","gov.MBVIRS","gov.VladaRS-2","member","","","",""
"KladosekRoman","gov.MTRS","gov.VladaRS-1","member","","","",""
"KlemencicAndrej","gov.MFRS","gov.VladaRS-1","member","","","",""
"KlemencicAnica","gov.MBVIRS","gov.VladaRS-1","member","","","",""
"KolmanDrago","gov.MFRS","gov.VladaRS-1","member","","","",""
"KolmanDrago","gov.MFRS","gov.VladaRS-2","member","","","",""
"KokaljSrecko","gov.MERS","gov.VladaRS-1","member","","","",""
"KorencanAndrej","gov.MERS","gov.VladaRS-1","member","","","",""
"KorunVladimir","gov.MDRS","gov.VladaRS-1","member","","","",""
"KovacicAdriana","gov.MVOUPRS","gov.VladaRS-1","member","","","",""
"KocevarPeter","gov.MPLRS","gov.VladaRS-1","member","","","",""
"KosirTone","gov.MZDSVRS","gov.VladaRS-1","member","","","",""
"KranjcZnidarsicAna","gov.MPURS","gov.VladaRS-1","member","","","",""
"KrevsJanez","gov.MZZRS","gov.VladaRS-1","member","","","",""
"LapajneIvan","gov.MDRS","gov.VladaRS-1","member","","","",""
"LebarStefan","gov.MŠŠRS","gov.VladaRS-1","member","","","",""
"LippaiMartina","gov.MKGPRS","gov.VladaRS-1","member","","","",""
"LippaiMartina","gov.MKGPRS","gov.VladaRS-2","member","","","",""
"MadzarovicMihailo","gov.MFRS","gov.VladaRS-1","member","","","",""
"MahnicBorut","gov.MNZRS","gov.VladaRS-2","member","","","",""
"MarenPeter","gov.MFRS","gov.VladaRS-1","member","","","",""
"MarinkoOlga","gov.MERS","gov.VladaRS-2","member","","","",""
"MarincekNives","gov.MZZRS","gov.VladaRS-2","member","","","",""
"MarkesMarija","gov.MKGPRS","gov.VladaRS-1","member","","","",""
"MarkesMarija","gov.MKGPRS","gov.VladaRS-2","member","","","",""
"MarkicAlenka","gov.MFRS","gov.VladaRS-1","member","","","",""
"MarkicAlenka","gov.MFRS","gov.VladaRS-2","member","","","",""
"MarnPeter","gov.MPZRS","gov.VladaRS-1","member","","","",""
"MaroltGomiscekMarica","gov.MZDSVRS","gov.VladaRS-1","member","","","",""
"MartelancMiha","gov.MZRS","gov.VladaRS-1","member","","","",""
"MencejMarija","gov.MZDSVRS","gov.VladaRS-1","member","","","",""
"MencejMetka","gov.MZDSVRS","gov.VladaRS-1","member","","","",""
"MihovarGlobokarKsenija","gov.MZRS","gov.VladaRS-1","member","","","",""
"MitrovicSinisa","gov.MFRS","gov.VladaRS-1","member","","","",""
"OderlapMetka","gov.MFRS","gov.VladaRS-1","member","","","",""
"OlupJoze","gov.MPURS","gov.VladaRS-1","member","","","",""
"PeterlinStane","gov.MKRS","gov.VladaRS-1","member","","","",""
"PetricekTatjana","gov.MZDSVRS","gov.VladaRS-1","member","","","",""
"PecarJelka","gov.MPURS","gov.VladaRS-1","member","","","",""
"PecarJelka","gov.MPURS","gov.VladaRS-2","member","","","",""
"PobegaNatasa","gov.MTGRS","gov.VladaRS-1","member","","","",""
"PodrekarMarko","gov.MTGRS","gov.VladaRS-1","member","","","",""
"PogacarJasna","gov.MZRS","gov.VladaRS-2","member","","","",""
"PoharMatko","gov.MERS","gov.VladaRS-1","member","","","",""
"PočivavsekFranc","gov.MFRS","gov.VladaRS-1","member","","","",""
"RavbarVojka","gov.MZZRS","gov.VladaRS-1","member","","","",""
"RemskarIvan","gov.MZDSVRS","gov.VladaRS-1","member","","","",""
"RoblekJasna","gov.MZDSVRS","gov.VladaRS-2","member","","","",""
"SedonjaJoze","gov.MPURS","gov.VladaRS-1","member","","","",""
"SelakAlenka","gov.MFRS","gov.VladaRS-1","member","","","",""
"SenegacnikLojze","gov.MKGPRS","gov.VladaRS-2","member","","","",""
"Skubic","gov.MORS","gov.VladaRS-2","member","","","",""
"SmoleDrago","gov.MZZRS","gov.VladaRS-1","member","","","",""
"SternadSkubicMetka","gov.MIGRS","gov.VladaRS-1","member","","","",""
"StricevicDusanka","gov.MFRS","gov.VladaRS-1","member","","","",""
"StricevicDusanka","gov.MFRS","gov.VladaRS-2","member","","","",""
"SvetePavle","gov.MZRS","gov.VladaRS-1","member","","","",""
"SvetePavle","gov.MZRS","gov.VladaRS-1","member","","","",""
"SantovecJoze","gov.MIRS","gov.VladaRS-1","member","","","",""
"SkrabarRado","gov.MPZRS","gov.VladaRS-1","member","","","",""
"StrovsMarko1950","gov.MDRS","gov.VladaRS-1","member","","","",""
"SubicMaja","gov.MMGRS","gov.VladaRS-1","member","","","",""
"TratnikJoze","gov.MPURS","gov.VladaRS-1","member","","","",""
"TratnikJoze","gov.MPURS","gov.VladaRS-2","member","","","",""
"TraunsekSanja","gov.MVOUPRS","gov.VladaRS-1","member","","","",""
"TrcekJanez","gov.MERS","gov.VladaRS-2","member","","","",""
"TrudenBozo","gov.MNZRS","gov.VladaRS-1","member","","","",""
"UsenicnikBojan","gov.MORS","gov.VladaRS-2","member","","","",""
"ValencicJože","gov.MZDSVRS","gov.VladaRS-1","member","","","",""
"ValencicJože","gov.MZDSVRS","gov.VladaRS-2","member","","","",""
"VeliscekJozica","gov.MZRS","gov.VladaRS-1","member","","","",""
"VeliscekJozica","gov.MZRS","gov.VladaRS-2","member","","","",""
"VladimirDejan","gov.MBVIRS","gov.VladaRS-1","member","","","",""
"VladimirovNiko","gov.MPLRS","gov.VladaRS-1","member","","","",""
"VladimirovNiko","gov.MPLRS","gov.VladaRS-2","member","","","",""
"VojnovicMaja","gov.MZDSVRS","gov.VladaRS-1","member","","","",""
"WinklerPeter","gov.MSSNS","gov.VladaRS-1","member","","","",""
"ZemljicMiroslav","gov.MFRS","gov.VladaRS-1","member","","","",""
"ZgagaPavel1951","gov.MŠŠRS","gov.VladaRS-2","member","","","",""
"ZerovecJurij","gov.MTGRS","","","","","",""
